"C:\Users\Home\Desktop\Wordpress Plugins\AIO Page Builder\AIO-Page-Builder-Plugin\plugin\src\Admin\Screens\Dashboard\Dashboard_Screen.php",256,88,error,"Using short ternaries is not allowed as they are rarely used correctly",Universal.Operators.DisallowShortTernary.Found,5,0
"C:\Users\Home\Desktop\Wordpress Plugins\AIO Page Builder\AIO-Page-Builder-Plugin\plugin\src\Admin\Screens\Diagnostics\Form_Provider_Health_Screen.php",132,60,error,"Using short ternaries is not allowed as they are rarely used correctly",Universal.Operators.DisallowShortTernary.Found,5,0
"C:\Users\Home\Desktop\Wordpress Plugins\AIO Page Builder\AIO-Page-Builder-Plugin\plugin\src\Admin\Screens\Industry\Industry_Bundle_Import_Preview_Screen.php",132,106,error,"Detected usage of a non-sanitized input variable: $_SERVER['REQUEST_URI']",WordPress.Security.ValidatedSanitizedInput.InputNotSanitized,5,0
"C:\Users\Home\Desktop\Wordpress Plugins\AIO Page Builder\AIO-Page-Builder-Plugin\plugin\src\Admin\Screens\Industry\Industry_Override_Management_Screen.php",169,108,error,"$_GET['industry_context_ref'] not unslashed before sanitization. Use wp_unslash() or similar",WordPress.Security.ValidatedSanitizedInput.MissingUnslash,5,0
"C:\Users\Home\Desktop\Wordpress Plugins\AIO Page Builder\AIO-Page-Builder-Plugin\plugin\src\Admin\Screens\Industry\Industry_Override_Management_Screen.php",169,108,error,"Detected usage of a non-sanitized input variable: $_GET['industry_context_ref']",WordPress.Security.ValidatedSanitizedInput.InputNotSanitized,5,0
"C:\Users\Home\Desktop\Wordpress Plugins\AIO Page Builder\AIO-Page-Builder-Plugin\plugin\src\Admin\Screens\Industry\Industry_Style_Layer_Comparison_Screen.php",188,56,error,"Using short ternaries is not allowed as they are rarely used correctly",Universal.Operators.DisallowShortTernary.Found,5,0
"C:\Users\Home\Desktop\Wordpress Plugins\AIO Page Builder\AIO-Page-Builder-Plugin\plugin\src\Admin\Screens\Logs\Queue_Logs_Screen.php",254,121,error,"The $text parameter must be a single text string literal. Found: $label",WordPress.WP.I18n.NonSingularStringLiteralText,5,0
"C:\Users\Home\Desktop\Wordpress Plugins\AIO Page Builder\AIO-Page-Builder-Plugin\plugin\src\Admin\Screens\Logs\Queue_Logs_Screen.php",604,23,error,"$_POST['log_types'] not unslashed before sanitization. Use wp_unslash() or similar",WordPress.Security.ValidatedSanitizedInput.MissingUnslash,5,0
"C:\Users\Home\Desktop\Wordpress Plugins\AIO Page Builder\AIO-Page-Builder-Plugin\plugin\src\Admin\Screens\Logs\Queue_Logs_Screen.php",604,23,error,"Detected usage of a non-sanitized input variable: $_POST['log_types']",WordPress.Security.ValidatedSanitizedInput.InputNotSanitized,5,0
"C:\Users\Home\Desktop\Wordpress Plugins\AIO Page Builder\AIO-Page-Builder-Plugin\plugin\src\Admin\Screens\Settings\Global_Component_Override_Settings_Screen.php",194,23,error,"Processing form data without nonce verification.",WordPress.Security.NonceVerification.Missing,5,0
"C:\Users\Home\Desktop\Wordpress Plugins\AIO Page Builder\AIO-Page-Builder-Plugin\plugin\src\Admin\Screens\Settings\Global_Component_Override_Settings_Screen.php",194,55,error,"Processing form data without nonce verification.",WordPress.Security.NonceVerification.Missing,5,0
"C:\Users\Home\Desktop\Wordpress Plugins\AIO Page Builder\AIO-Page-Builder-Plugin\plugin\src\Admin\Screens\Settings\Global_Component_Override_Settings_Screen.php",197,29,error,"Processing form data without nonce verification.",WordPress.Security.NonceVerification.Missing,5,0
"C:\Users\Home\Desktop\Wordpress Plugins\AIO Page Builder\AIO-Page-Builder-Plugin\plugin\src\Admin\Screens\Settings\Global_Component_Override_Settings_Screen.php",197,29,error,"Detected usage of a non-sanitized input variable: $_POST[$key]",WordPress.Security.ValidatedSanitizedInput.InputNotSanitized,5,0
"C:\Users\Home\Desktop\Wordpress Plugins\AIO Page Builder\AIO-Page-Builder-Plugin\plugin\src\Admin\Screens\Settings\Global_Style_Token_Settings_Screen.php",185,23,error,"Processing form data without nonce verification.",WordPress.Security.NonceVerification.Missing,5,0
"C:\Users\Home\Desktop\Wordpress Plugins\AIO Page Builder\AIO-Page-Builder-Plugin\plugin\src\Admin\Screens\Settings\Global_Style_Token_Settings_Screen.php",185,55,error,"Processing form data without nonce verification.",WordPress.Security.NonceVerification.Missing,5,0
"C:\Users\Home\Desktop\Wordpress Plugins\AIO Page Builder\AIO-Page-Builder-Plugin\plugin\src\Admin\Screens\Settings\Global_Style_Token_Settings_Screen.php",188,29,error,"Processing form data without nonce verification.",WordPress.Security.NonceVerification.Missing,5,0
"C:\Users\Home\Desktop\Wordpress Plugins\AIO Page Builder\AIO-Page-Builder-Plugin\plugin\src\Admin\Screens\Settings\Global_Style_Token_Settings_Screen.php",188,29,error,"Detected usage of a non-sanitized input variable: $_POST[$key]",WordPress.Security.ValidatedSanitizedInput.InputNotSanitized,5,0
"C:\Users\Home\Desktop\Wordpress Plugins\AIO Page Builder\AIO-Page-Builder-Plugin\plugin\src\Admin\Screens\Templates\Compositions_Screen.php",380,44,error,"Using short ternaries is not allowed as they are rarely used correctly",Universal.Operators.DisallowShortTernary.Found,5,0
"C:\Users\Home\Desktop\Wordpress Plugins\AIO Page Builder\AIO-Page-Builder-Plugin\plugin\src\Admin\Screens\Templates\Compositions_Screen.php",386,39,error,"Using short ternaries is not allowed as they are rarely used correctly",Universal.Operators.DisallowShortTernary.Found,5,0
"C:\Users\Home\Desktop\Wordpress Plugins\AIO Page Builder\AIO-Page-Builder-Plugin\plugin\src\Admin\Screens\Templates\Page_Templates_Directory_Screen.php",63,86,error,"Detected usage of a non-sanitized input variable: $_GET['paged']",WordPress.Security.ValidatedSanitizedInput.InputNotSanitized,5,0
"C:\Users\Home\Desktop\Wordpress Plugins\AIO Page Builder\AIO-Page-Builder-Plugin\plugin\src\Admin\Screens\Templates\Page_Templates_Directory_Screen.php",64,178,error,"Detected usage of a non-sanitized input variable: $_GET['per_page']",WordPress.Security.ValidatedSanitizedInput.InputNotSanitized,5,0
"C:\Users\Home\Desktop\Wordpress Plugins\AIO Page Builder\AIO-Page-Builder-Plugin\plugin\src\Admin\Screens\Templates\Page_Templates_Directory_Screen.php",391,124,error,"Detected usage of a non-sanitized input variable: $_SERVER['REQUEST_URI']",WordPress.Security.ValidatedSanitizedInput.InputNotSanitized,5,0
"C:\Users\Home\Desktop\Wordpress Plugins\AIO Page Builder\AIO-Page-Builder-Plugin\plugin\src\Admin\Screens\Templates\Page_Templates_Directory_Screen.php",424,173,error,"All output should be run through an escaping function (see the Security sections in the WordPress Developer Handbooks), found '$page'.",WordPress.Security.EscapeOutput.OutputNotEscaped,5,0
"C:\Users\Home\Desktop\Wordpress Plugins\AIO Page Builder\AIO-Page-Builder-Plugin\plugin\src\Admin\Screens\Templates\Page_Templates_Directory_Screen.php",424,180,error,"All output should be run through an escaping function (see the Security sections in the WordPress Developer Handbooks), found '$total_pages'.",WordPress.Security.EscapeOutput.OutputNotEscaped,5,0
"C:\Users\Home\Desktop\Wordpress Plugins\AIO Page Builder\AIO-Page-Builder-Plugin\plugin\src\Admin\Screens\Templates\Page_Template_Detail_Screen.php",300,1,error,"Stylesheets must be registered/enqueued via wp_enqueue_style()",WordPress.WP.EnqueuedResources.NonEnqueuedStylesheet,5,0
"C:\Users\Home\Desktop\Wordpress Plugins\AIO Page Builder\AIO-Page-Builder-Plugin\plugin\src\Admin\Screens\Templates\Page_Template_Detail_Screen.php",302,127,error,"All output should be run through an escaping function (see the Security sections in the WordPress Developer Handbooks), found '$style_context['inline_css']'.",WordPress.Security.EscapeOutput.OutputNotEscaped,5,0
"C:\Users\Home\Desktop\Wordpress Plugins\AIO Page Builder\AIO-Page-Builder-Plugin\plugin\src\Admin\Screens\Templates\Page_Template_Detail_Screen.php",351,28,error,"Detected usage of a non-sanitized input variable: $_POST[Entity_Style_Form_Builder::FORM_KEY]",WordPress.Security.ValidatedSanitizedInput.InputNotSanitized,5,0
"C:\Users\Home\Desktop\Wordpress Plugins\AIO Page Builder\AIO-Page-Builder-Plugin\plugin\src\Admin\Screens\Templates\Section_Templates_Directory_Screen.php",65,92,error,"Detected usage of a non-sanitized input variable: $_GET['paged']",WordPress.Security.ValidatedSanitizedInput.InputNotSanitized,5,0
"C:\Users\Home\Desktop\Wordpress Plugins\AIO Page Builder\AIO-Page-Builder-Plugin\plugin\src\Admin\Screens\Templates\Section_Templates_Directory_Screen.php",66,184,error,"Detected usage of a non-sanitized input variable: $_GET['per_page']",WordPress.Security.ValidatedSanitizedInput.InputNotSanitized,5,0
"C:\Users\Home\Desktop\Wordpress Plugins\AIO Page Builder\AIO-Page-Builder-Plugin\plugin\src\Admin\Screens\Templates\Section_Templates_Directory_Screen.php",423,124,error,"Detected usage of a non-sanitized input variable: $_SERVER['REQUEST_URI']",WordPress.Security.ValidatedSanitizedInput.InputNotSanitized,5,0
"C:\Users\Home\Desktop\Wordpress Plugins\AIO Page Builder\AIO-Page-Builder-Plugin\plugin\src\Admin\Screens\Templates\Section_Templates_Directory_Screen.php",453,173,error,"All output should be run through an escaping function (see the Security sections in the WordPress Developer Handbooks), found '$page'.",WordPress.Security.EscapeOutput.OutputNotEscaped,5,0
"C:\Users\Home\Desktop\Wordpress Plugins\AIO Page Builder\AIO-Page-Builder-Plugin\plugin\src\Admin\Screens\Templates\Section_Templates_Directory_Screen.php",453,180,error,"All output should be run through an escaping function (see the Security sections in the WordPress Developer Handbooks), found '$total_pages'.",WordPress.Security.EscapeOutput.OutputNotEscaped,5,0
"C:\Users\Home\Desktop\Wordpress Plugins\AIO Page Builder\AIO-Page-Builder-Plugin\plugin\src\Admin\Screens\Templates\Section_Template_Detail_Screen.php",371,1,error,"Stylesheets must be registered/enqueued via wp_enqueue_style()",WordPress.WP.EnqueuedResources.NonEnqueuedStylesheet,5,0
"C:\Users\Home\Desktop\Wordpress Plugins\AIO Page Builder\AIO-Page-Builder-Plugin\plugin\src\Admin\Screens\Templates\Section_Template_Detail_Screen.php",373,127,error,"All output should be run through an escaping function (see the Security sections in the WordPress Developer Handbooks), found '$style_context['inline_css']'.",WordPress.Security.EscapeOutput.OutputNotEscaped,5,0
"C:\Users\Home\Desktop\Wordpress Plugins\AIO Page Builder\AIO-Page-Builder-Plugin\plugin\src\Admin\Screens\Templates\Section_Template_Detail_Screen.php",422,28,error,"Detected usage of a non-sanitized input variable: $_POST[Entity_Style_Form_Builder::FORM_KEY]",WordPress.Security.ValidatedSanitizedInput.InputNotSanitized,5,0
"C:\Users\Home\Desktop\Wordpress Plugins\AIO Page Builder\AIO-Page-Builder-Plugin\plugin\src\Admin\Screens\Templates\Template_Compare_Screen.php",294,18,error,"Stylesheets must be registered/enqueued via wp_enqueue_style()",WordPress.WP.EnqueuedResources.NonEnqueuedStylesheet,5,0
"C:\Users\Home\Desktop\Wordpress Plugins\AIO Page Builder\AIO-Page-Builder-Plugin\plugin\src\Admin\Screens\Templates\Template_Compare_Screen.php",296,122,error,"All output should be run through an escaping function (see the Security sections in the WordPress Developer Handbooks), found '$style_context['inline_css']'.",WordPress.Security.EscapeOutput.OutputNotEscaped,5,0
"C:\Users\Home\Desktop\Wordpress Plugins\AIO Page Builder\AIO-Page-Builder-Plugin\plugin\src\Admin\Screens\Templates\Template_Compare_Screen.php",358,52,error,"Using short ternaries is not allowed as they are rarely used correctly",Universal.Operators.DisallowShortTernary.Found,5,0
"C:\Users\Home\Desktop\Wordpress Plugins\AIO Page Builder\AIO-Page-Builder-Plugin\plugin\src\Admin\Screens\Templates\Template_Compare_Screen.php",362,53,error,"Using short ternaries is not allowed as they are rarely used correctly",Universal.Operators.DisallowShortTernary.Found,5,0
"C:\Users\Home\Desktop\Wordpress Plugins\AIO Page Builder\AIO-Page-Builder-Plugin\plugin\src\Admin\Screens\Templates\Template_Compare_Screen.php",366,43,error,"Using short ternaries is not allowed as they are rarely used correctly",Universal.Operators.DisallowShortTernary.Found,5,0
"C:\Users\Home\Desktop\Wordpress Plugins\AIO Page Builder\AIO-Page-Builder-Plugin\plugin\src\Admin\ViewModels\BuildPlan\Industry_Build_Plan_Explanation_View_Model.php",196,20,error,"Expected type hint \"list<string>\"; found \"array\" for $warning_flags",Squiz.Commenting.FunctionComment.IncorrectTypeHint,5,0
"C:\Users\Home\Desktop\Wordpress Plugins\AIO Page Builder\AIO-Page-Builder-Plugin\plugin\src\Admin\ViewModels\Industry\Conversion_Goal_Preview_Influence_View_Model.php",59,12,error,"Expected type hint \"list<string>\"; found \"array\" for $goal_caution_notes",Squiz.Commenting.FunctionComment.IncorrectTypeHint,5,0
"C:\Users\Home\Desktop\Wordpress Plugins\AIO Page Builder\AIO-Page-Builder-Plugin\plugin\src\Admin\ViewModels\Industry\Future_Industry_Readiness_View_Model.php",44,8,error,"Doc comment for parameter $promotion_readiness_summary does not match actual variable name $expansion_blocker_count",Squiz.Commenting.FunctionComment.ParamNameNoMatch,5,0
"C:\Users\Home\Desktop\Wordpress Plugins\AIO Page Builder\AIO-Page-Builder-Plugin\plugin\src\Admin\ViewModels\Industry\Future_Industry_Readiness_View_Model.php",45,8,error,"Doc comment for parameter $scaffold_summary does not match actual variable name $scaffold_incomplete_count",Squiz.Commenting.FunctionComment.ParamNameNoMatch,5,0
"C:\Users\Home\Desktop\Wordpress Plugins\AIO Page Builder\AIO-Page-Builder-Plugin\plugin\src\Admin\ViewModels\Industry\Future_Industry_Readiness_View_Model.php",46,8,error,"Doc comment for parameter $links does not match actual variable name $candidate_readiness_label",Squiz.Commenting.FunctionComment.ParamNameNoMatch,5,0
"C:\Users\Home\Desktop\Wordpress Plugins\AIO Page Builder\AIO-Page-Builder-Plugin\plugin\src\Admin\ViewModels\Industry\Future_Industry_Readiness_View_Model.php",48,12,error,"Expected type hint \"array\"; found \"int\" for $promotion_readiness_summary",Squiz.Commenting.FunctionComment.IncorrectTypeHint,5,0
"C:\Users\Home\Desktop\Wordpress Plugins\AIO Page Builder\AIO-Page-Builder-Plugin\plugin\src\Admin\ViewModels\Industry\Future_Industry_Readiness_View_Model.php",48,12,error,"Expected type hint \"array\"; found \"int\" for $scaffold_summary",Squiz.Commenting.FunctionComment.IncorrectTypeHint,5,0
"C:\Users\Home\Desktop\Wordpress Plugins\AIO Page Builder\AIO-Page-Builder-Plugin\plugin\src\Admin\ViewModels\Industry\Future_Industry_Readiness_View_Model.php",48,12,error,"Expected type hint \"array\"; found \"string\" for $links",Squiz.Commenting.FunctionComment.IncorrectTypeHint,5,0
"C:\Users\Home\Desktop\Wordpress Plugins\AIO Page Builder\AIO-Page-Builder-Plugin\plugin\src\Admin\ViewModels\Industry\Future_Subtype_Readiness_View_Model.php",38,8,error,"Doc comment for parameter $promotion_readiness_subtype_summary does not match actual variable name $subtype_scaffold_count",Squiz.Commenting.FunctionComment.ParamNameNoMatch,5,0
"C:\Users\Home\Desktop\Wordpress Plugins\AIO Page Builder\AIO-Page-Builder-Plugin\plugin\src\Admin\ViewModels\Industry\Future_Subtype_Readiness_View_Model.php",39,8,error,"Doc comment for parameter $links does not match actual variable name $subtype_missing_count",Squiz.Commenting.FunctionComment.ParamNameNoMatch,5,0
"C:\Users\Home\Desktop\Wordpress Plugins\AIO Page Builder\AIO-Page-Builder-Plugin\plugin\src\Admin\ViewModels\Industry\Future_Subtype_Readiness_View_Model.php",41,12,error,"Expected type hint \"array\"; found \"int\" for $promotion_readiness_subtype_summary",Squiz.Commenting.FunctionComment.IncorrectTypeHint,5,0
"C:\Users\Home\Desktop\Wordpress Plugins\AIO Page Builder\AIO-Page-Builder-Plugin\plugin\src\Admin\ViewModels\Industry\Future_Subtype_Readiness_View_Model.php",41,12,error,"Expected type hint \"array\"; found \"int\" for $links",Squiz.Commenting.FunctionComment.IncorrectTypeHint,5,0
"C:\Users\Home\Desktop\Wordpress Plugins\AIO Page Builder\AIO-Page-Builder-Plugin\plugin\src\Admin\ViewModels\Industry\Industry_Subtype_Preview_Influence_View_Model.php",64,12,error,"Expected type hint \"list<string>\"; found \"array\" for $caution_notes",Squiz.Commenting.FunctionComment.IncorrectTypeHint,5,0
"C:\Users\Home\Desktop\Wordpress Plugins\AIO Page Builder\AIO-Page-Builder-Plugin\plugin\src\Admin\Views\industry\industry-conflict-badges.php",39,1,error,"Overriding WordPress globals is prohibited. Found assignment to $title",WordPress.WP.GlobalVariablesOverride.Prohibited,5,0
"C:\Users\Home\Desktop\Wordpress Plugins\AIO Page Builder\AIO-Page-Builder-Plugin\plugin\src\Admin\Views\page-templates\industry-template-badges.php",15,1,error,"Overriding WordPress globals is prohibited. Found assignment to $status",WordPress.WP.GlobalVariablesOverride.Prohibited,5,0
"C:\Users\Home\Desktop\Wordpress Plugins\AIO Page Builder\AIO-Page-Builder-Plugin\plugin\src\Admin\Views\page-templates\industry-template-badges.php",20,5,error,"Overriding WordPress globals is prohibited. Found assignment to $status",WordPress.WP.GlobalVariablesOverride.Prohibited,5,0
"C:\Users\Home\Desktop\Wordpress Plugins\AIO Page Builder\AIO-Page-Builder-Plugin\plugin\src\Admin\Views\page-templates\industry-template-badges.php",25,5,error,"Overriding WordPress globals is prohibited. Found assignment to $status",WordPress.WP.GlobalVariablesOverride.Prohibited,5,0
"C:\Users\Home\Desktop\Wordpress Plugins\AIO Page Builder\AIO-Page-Builder-Plugin\plugin\src\Admin\Views\page-templates\industry-template-badges.php",56,1,error,"Overriding WordPress globals is prohibited. Found assignment to $title",WordPress.WP.GlobalVariablesOverride.Prohibited,5,0
"C:\Users\Home\Desktop\Wordpress Plugins\AIO Page Builder\AIO-Page-Builder-Plugin\plugin\src\Admin\Views\page-templates\industry-template-badges.php",58,5,error,"Overriding WordPress globals is prohibited. Found assignment to $title",WordPress.WP.GlobalVariablesOverride.Prohibited,5,0
"C:\Users\Home\Desktop\Wordpress Plugins\AIO Page Builder\AIO-Page-Builder-Plugin\plugin\src\Admin\Views\sections\industry-section-badges.php",15,1,error,"Overriding WordPress globals is prohibited. Found assignment to $status",WordPress.WP.GlobalVariablesOverride.Prohibited,5,0
"C:\Users\Home\Desktop\Wordpress Plugins\AIO Page Builder\AIO-Page-Builder-Plugin\plugin\src\Admin\Views\sections\industry-section-badges.php",18,5,error,"Overriding WordPress globals is prohibited. Found assignment to $status",WordPress.WP.GlobalVariablesOverride.Prohibited,5,0
"C:\Users\Home\Desktop\Wordpress Plugins\AIO Page Builder\AIO-Page-Builder-Plugin\plugin\src\Admin\Views\sections\industry-section-badges.php",21,5,error,"Overriding WordPress globals is prohibited. Found assignment to $status",WordPress.WP.GlobalVariablesOverride.Prohibited,5,0
"C:\Users\Home\Desktop\Wordpress Plugins\AIO Page Builder\AIO-Page-Builder-Plugin\plugin\src\Admin\Views\sections\industry-section-badges.php",41,1,error,"Overriding WordPress globals is prohibited. Found assignment to $title",WordPress.WP.GlobalVariablesOverride.Prohibited,5,0
"C:\Users\Home\Desktop\Wordpress Plugins\AIO Page Builder\AIO-Page-Builder-Plugin\plugin\src\Bootstrap\Environment_Validator.php",164,98,error,"Using short ternaries is not allowed as they are rarely used correctly",Universal.Operators.DisallowShortTernary.Found,5,0
"C:\Users\Home\Desktop\Wordpress Plugins\AIO Page Builder\AIO-Page-Builder-Plugin\plugin\src\Bootstrap\Environment_Validator.php",259,47,error,"Using short ternaries is not allowed as they are rarely used correctly",Universal.Operators.DisallowShortTernary.Found,5,0
"C:\Users\Home\Desktop\Wordpress Plugins\AIO Page Builder\AIO-Page-Builder-Plugin\plugin\src\Bootstrap\Plugin.php",200,45,error,"Using short ternaries is not allowed as they are rarely used correctly",Universal.Operators.DisallowShortTernary.Found,5,0
"C:\Users\Home\Desktop\Wordpress Plugins\AIO Page Builder\AIO-Page-Builder-Plugin\plugin\src\Domain\ACF\Blueprints\Blueprint_Family_Registry.php",51,53,error,"Assignments must be the first block of code on a line",Squiz.PHP.DisallowMultipleAssignments.Found,5,0
"C:\Users\Home\Desktop\Wordpress Plugins\AIO Page Builder\AIO-Page-Builder-Plugin\plugin\src\Domain\ACF\Blueprints\Section_Field_Blueprint_Normalizer.php",87,72,error,"Using short ternaries is not allowed as they are rarely used correctly",Universal.Operators.DisallowShortTernary.Found,5,0
"C:\Users\Home\Desktop\Wordpress Plugins\AIO Page Builder\AIO-Page-Builder-Plugin\plugin\src\Domain\ACF\Blueprints\Section_Field_Blueprint_Normalizer.php",119,102,error,"Using short ternaries is not allowed as they are rarely used correctly",Universal.Operators.DisallowShortTernary.Found,5,0
"C:\Users\Home\Desktop\Wordpress Plugins\AIO Page Builder\AIO-Page-Builder-Plugin\plugin\src\Domain\ACF\Blueprints\Section_Field_Blueprint_Normalizer.php",137,122,error,"Using short ternaries is not allowed as they are rarely used correctly",Universal.Operators.DisallowShortTernary.Found,5,0
"C:\Users\Home\Desktop\Wordpress Plugins\AIO Page Builder\AIO-Page-Builder-Plugin\plugin\src\Domain\ACF\Registration\Admin_Post_Edit_Context_Resolver.php",52,68,error,"Detected usage of a non-sanitized input variable: $_GET['post']",WordPress.Security.ValidatedSanitizedInput.InputNotSanitized,5,0
"C:\Users\Home\Desktop\Wordpress Plugins\AIO Page Builder\AIO-Page-Builder-Plugin\plugin\src\Domain\ACF\Registration\Admin_Post_Edit_Context_Resolver.php",91,64,error,"Detected usage of a non-sanitized input variable: $_GET['post']",WordPress.Security.ValidatedSanitizedInput.InputNotSanitized,5,0
"C:\Users\Home\Desktop\Wordpress Plugins\AIO Page Builder\AIO-Page-Builder-Plugin\plugin\src\Domain\ACF\Registration\Existing_Page_ACF_Registration_Context_Resolver.php",58,64,error,"Detected usage of a non-sanitized input variable: $_GET['post']",WordPress.Security.ValidatedSanitizedInput.InputNotSanitized,5,0
"C:\Users\Home\Desktop\Wordpress Plugins\AIO Page Builder\AIO-Page-Builder-Plugin\plugin\src\Domain\ACF\Registration\Existing_Page_ACF_Registration_Context_Resolver.php",75,60,error,"Detected usage of a non-sanitized input variable: $_GET['post']",WordPress.Security.ValidatedSanitizedInput.InputNotSanitized,5,0
"C:\Users\Home\Desktop\Wordpress Plugins\AIO Page Builder\AIO-Page-Builder-Plugin\plugin\src\Domain\Admin\Dashboard\Dashboard_State_Builder.php",121,58,error,"Using short ternaries is not allowed as they are rarely used correctly",Universal.Operators.DisallowShortTernary.Found,5,0
"C:\Users\Home\Desktop\Wordpress Plugins\AIO Page Builder\AIO-Page-Builder-Plugin\plugin\src\Domain\AI\Providers\Stub_AI_Provider_Driver.php",69,8,error,"Parameter comment must end with a full stop",Squiz.Commenting.FunctionComment.ParamCommentFullStop,5,0
"C:\Users\Home\Desktop\Wordpress Plugins\AIO Page Builder\AIO-Page-Builder-Plugin\plugin\src\Domain\BuildPlan\Steps\ExistingPageUpdates\Existing_Page_Update_Detail_Builder.php",148,49,error,"Detected usage of a non-sanitized input variable: $_SERVER['REQUEST_URI']",WordPress.Security.ValidatedSanitizedInput.InputNotSanitized,5,0
"C:\Users\Home\Desktop\Wordpress Plugins\AIO Page Builder\AIO-Page-Builder-Plugin\plugin\src\Domain\BuildPlan\Steps\NewPageCreation\New_Page_Creation_Detail_Builder.php",188,49,error,"Detected usage of a non-sanitized input variable: $_SERVER['REQUEST_URI']",WordPress.Security.ValidatedSanitizedInput.InputNotSanitized,5,0
"C:\Users\Home\Desktop\Wordpress Plugins\AIO Page Builder\AIO-Page-Builder-Plugin\plugin\src\Domain\BuildPlan\UI\Components\Status_Badge_Component.php",60,105,error,"Using short ternaries is not allowed as they are rarely used correctly",Universal.Operators.DisallowShortTernary.Found,5,0
"C:\Users\Home\Desktop\Wordpress Plugins\AIO Page Builder\AIO-Page-Builder-Plugin\plugin\src\Domain\BuildPlan\UI\Components\Step_Item_List_Component.php",82,61,error,"Inline comments must end in full-stops, exclamation marks, or question marks",Squiz.Commenting.InlineComment.InvalidEndChar,5,0
"C:\Users\Home\Desktop\Wordpress Plugins\AIO Page Builder\AIO-Page-Builder-Plugin\plugin\src\Domain\BuildPlan\UI\Components\Step_Item_List_Component.php",261,28,error,"All output should be run through an escaping function (see the Security sections in the WordPress Developer Handbooks), found '$out'.",WordPress.Security.EscapeOutput.OutputNotEscaped,5,0
"C:\Users\Home\Desktop\Wordpress Plugins\AIO Page Builder\AIO-Page-Builder-Plugin\plugin\src\Domain\Crawler\Classification\Crawl_Template_Family_Matcher.php",124,8,error,"Parameter comment must end with a full stop",Squiz.Commenting.FunctionComment.ParamCommentFullStop,5,0
"C:\Users\Home\Desktop\Wordpress Plugins\AIO Page Builder\AIO-Page-Builder-Plugin\plugin\src\Domain\Crawler\Discovery\URL_Discovery_Service.php",208,54,error,"Using short ternaries is not allowed as they are rarely used correctly",Universal.Operators.DisallowShortTernary.Found,5,0
"C:\Users\Home\Desktop\Wordpress Plugins\AIO Page Builder\AIO-Page-Builder-Plugin\plugin\src\Domain\Crawler\Fetch\HTML_Fetcher.php",95,103,error,"Mixing different binary boolean operators within an expression without using parentheses to clarify precedence is not allowed.",Generic.CodeAnalysis.RequireExplicitBooleanOperatorPrecedence.MissingParentheses,5,0
"C:\Users\Home\Desktop\Wordpress Plugins\AIO Page Builder\AIO-Page-Builder-Plugin\plugin\src\Domain\Crawler\Snapshots\Crawl_Snapshot_Repository.php",50,13,error,"Use placeholders and $wpdb->prepare(); found interpolated variable {$table} at \"SELECT * FROM `{$table}` WHERE `crawl_run_id` = %s AND `url` = %s LIMIT 1\"",WordPress.DB.PreparedSQL.InterpolatedNotPrepared,5,0
"C:\Users\Home\Desktop\Wordpress Plugins\AIO Page Builder\AIO-Page-Builder-Plugin\plugin\src\Domain\Crawler\Snapshots\Crawl_Snapshot_Repository.php",54,43,error,"Use placeholders and $wpdb->prepare(); found $prepared",WordPress.DB.PreparedSQL.NotPrepared,5,0
"C:\Users\Home\Desktop\Wordpress Plugins\AIO Page Builder\AIO-Page-Builder-Plugin\plugin\src\Domain\Crawler\Snapshots\Crawl_Snapshot_Repository.php",100,43,error,"Use placeholders and $wpdb->prepare(); found $sql",WordPress.DB.PreparedSQL.NotPrepared,5,0
"C:\Users\Home\Desktop\Wordpress Plugins\AIO Page Builder\AIO-Page-Builder-Plugin\plugin\src\Domain\Crawler\Snapshots\Crawl_Snapshot_Repository.php",101,47,error,"Use placeholders and $wpdb->prepare(); found $prepared",WordPress.DB.PreparedSQL.NotPrepared,5,0
"C:\Users\Home\Desktop\Wordpress Plugins\AIO Page Builder\AIO-Page-Builder-Plugin\plugin\src\Domain\Crawler\Snapshots\Crawl_Snapshot_Repository.php",125,47,error,"Use placeholders and $wpdb->prepare(); found $sql",WordPress.DB.PreparedSQL.NotPrepared,5,0
"C:\Users\Home\Desktop\Wordpress Plugins\AIO Page Builder\AIO-Page-Builder-Plugin\plugin\src\Domain\Crawler\Snapshots\Crawl_Snapshot_Repository.php",129,38,error,"Use placeholders and $wpdb->prepare(); found $prepared",WordPress.DB.PreparedSQL.NotPrepared,5,0
"C:\Users\Home\Desktop\Wordpress Plugins\AIO Page Builder\AIO-Page-Builder-Plugin\plugin\src\Domain\Crawler\Snapshots\Crawl_Snapshot_Repository.php",149,43,error,"Use placeholders and $wpdb->prepare(); found $sql",WordPress.DB.PreparedSQL.NotPrepared,5,0
"C:\Users\Home\Desktop\Wordpress Plugins\AIO Page Builder\AIO-Page-Builder-Plugin\plugin\src\Domain\Crawler\Snapshots\Crawl_Snapshot_Repository.php",150,47,error,"Use placeholders and $wpdb->prepare(); found $prepared",WordPress.DB.PreparedSQL.NotPrepared,5,0
"C:\Users\Home\Desktop\Wordpress Plugins\AIO Page Builder\AIO-Page-Builder-Plugin\plugin\src\Domain\Crawler\Snapshots\Crawl_Snapshot_Repository.php",225,13,error,"Use placeholders and $wpdb->prepare(); found $this",WordPress.DB.PreparedSQL.NotPrepared,5,0
"C:\Users\Home\Desktop\Wordpress Plugins\AIO Page Builder\AIO-Page-Builder-Plugin\plugin\src\Domain\Crawler\Snapshots\Crawl_Snapshot_Repository.php",225,20,error,"Use placeholders and $wpdb->prepare(); found wpdb",WordPress.DB.PreparedSQL.NotPrepared,5,0
"C:\Users\Home\Desktop\Wordpress Plugins\AIO Page Builder\AIO-Page-Builder-Plugin\plugin\src\Domain\Crawler\Snapshots\Crawl_Snapshot_Repository.php",225,26,error,"Use placeholders and $wpdb->prepare(); found prepare",WordPress.DB.PreparedSQL.NotPrepared,5,0
"C:\Users\Home\Desktop\Wordpress Plugins\AIO Page Builder\AIO-Page-Builder-Plugin\plugin\src\Domain\Crawler\Snapshots\Crawl_Snapshot_Repository.php",226,17,error,"Use placeholders and $wpdb->prepare(); found interpolated variable {$table} at \"INSERT INTO `{$table}` ({$col_list}) VALUES ({$placeholders})\"",WordPress.DB.PreparedSQL.InterpolatedNotPrepared,5,0
"C:\Users\Home\Desktop\Wordpress Plugins\AIO Page Builder\AIO-Page-Builder-Plugin\plugin\src\Domain\Crawler\Snapshots\Crawl_Snapshot_Repository.php",226,17,error,"Use placeholders and $wpdb->prepare(); found interpolated variable {$col_list} at \"INSERT INTO `{$table}` ({$col_list}) VALUES ({$placeholders})\"",WordPress.DB.PreparedSQL.InterpolatedNotPrepared,5,0
"C:\Users\Home\Desktop\Wordpress Plugins\AIO Page Builder\AIO-Page-Builder-Plugin\plugin\src\Domain\Crawler\Snapshots\Crawl_Snapshot_Repository.php",226,17,error,"Use placeholders and $wpdb->prepare(); found interpolated variable {$placeholders} at \"INSERT INTO `{$table}` ({$col_list}) VALUES ({$placeholders})\"",WordPress.DB.PreparedSQL.InterpolatedNotPrepared,5,0
"C:\Users\Home\Desktop\Wordpress Plugins\AIO Page Builder\AIO-Page-Builder-Plugin\plugin\src\Domain\Crawler\Snapshots\Crawl_Snapshot_Repository.php",227,17,error,"Use placeholders and $wpdb->prepare(); found ...",WordPress.DB.PreparedSQL.NotPrepared,5,0
"C:\Users\Home\Desktop\Wordpress Plugins\AIO Page Builder\AIO-Page-Builder-Plugin\plugin\src\Domain\Crawler\Snapshots\Crawl_Snapshot_Repository.php",227,20,error,"Use placeholders and $wpdb->prepare(); found $prepared_values",WordPress.DB.PreparedSQL.NotPrepared,5,0
"C:\Users\Home\Desktop\Wordpress Plugins\AIO Page Builder\AIO-Page-Builder-Plugin\plugin\src\Domain\Execution\Jobs\Finalization_Result.php",82,8,error,"Doc comment for parameter $summary does not match actual variable name $finalized_at",Squiz.Commenting.FunctionComment.ParamNameNoMatch,5,0
"C:\Users\Home\Desktop\Wordpress Plugins\AIO Page Builder\AIO-Page-Builder-Plugin\plugin\src\Domain\Execution\Jobs\Finalization_Result.php",83,8,error,"Doc comment for parameter $conflicts does not match actual variable name $summary",Squiz.Commenting.FunctionComment.ParamNameNoMatch,5,0
"C:\Users\Home\Desktop\Wordpress Plugins\AIO Page Builder\AIO-Page-Builder-Plugin\plugin\src\Domain\Execution\Jobs\Finalization_Result.php",85,19,error,"Expected type hint \"array\"; found \"string\" for $summary",Squiz.Commenting.FunctionComment.IncorrectTypeHint,5,0
"C:\Users\Home\Desktop\Wordpress Plugins\AIO Page Builder\AIO-Page-Builder-Plugin\plugin\src\Domain\Execution\Jobs\Token_Set_Result.php",82,8,error,"Doc comment for parameter $applied_value does not match actual variable name $token_group",Squiz.Commenting.FunctionComment.ParamNameNoMatch,5,0
"C:\Users\Home\Desktop\Wordpress Plugins\AIO Page Builder\AIO-Page-Builder-Plugin\plugin\src\Domain\Execution\Jobs\Token_Set_Result.php",83,8,error,"Doc comment for parameter $previous_value does not match actual variable name $token_name",Squiz.Commenting.FunctionComment.ParamNameNoMatch,5,0
"C:\Users\Home\Desktop\Wordpress Plugins\AIO Page Builder\AIO-Page-Builder-Plugin\plugin\src\Domain\Execution\Jobs\Token_Set_Result.php",85,19,error,"Expected type hint \"mixed\"; found \"string\" for $applied_value",Squiz.Commenting.FunctionComment.IncorrectTypeHint,5,0
"C:\Users\Home\Desktop\Wordpress Plugins\AIO Page Builder\AIO-Page-Builder-Plugin\plugin\src\Domain\Execution\Jobs\Token_Set_Result.php",85,19,error,"Expected type hint \"mixed\"; found \"string\" for $previous_value",Squiz.Commenting.FunctionComment.IncorrectTypeHint,5,0
"C:\Users\Home\Desktop\Wordpress Plugins\AIO Page Builder\AIO-Page-Builder-Plugin\plugin\src\Domain\ExportRestore\Contracts\Restore_Scope_Keys.php",1,1,error,"End of line character is invalid; expected \"\n\" but found \"\r\n\"",Generic.Files.LineEndings.InvalidEOLChar,5,1
"C:\Users\Home\Desktop\Wordpress Plugins\AIO Page Builder\AIO-Page-Builder-Plugin\plugin\src\Domain\ExportRestore\Contracts\Restore_Scope_Keys.php",7,1,error,"Whitespace found at end of line",Squiz.WhiteSpace.SuperfluousWhitespace.EndLine,5,1
"C:\Users\Home\Desktop\Wordpress Plugins\AIO Page Builder\AIO-Page-Builder-Plugin\plugin\src\Domain\ExportRestore\Contracts\Restore_Scope_Keys.php",9,1,error,"Whitespace found at end of line",Squiz.WhiteSpace.SuperfluousWhitespace.EndLine,5,1
"C:\Users\Home\Desktop\Wordpress Plugins\AIO Page Builder\AIO-Page-Builder-Plugin\plugin\src\Domain\ExportRestore\Contracts\Restore_Scope_Keys.php",11,1,error,"Whitespace found at end of line",Squiz.WhiteSpace.SuperfluousWhitespace.EndLine,5,1
"C:\Users\Home\Desktop\Wordpress Plugins\AIO Page Builder\AIO-Page-Builder-Plugin\plugin\src\Domain\ExportRestore\Contracts\Restore_Scope_Keys.php",13,1,error,"Whitespace found at end of line",Squiz.WhiteSpace.SuperfluousWhitespace.EndLine,5,1
"C:\Users\Home\Desktop\Wordpress Plugins\AIO Page Builder\AIO-Page-Builder-Plugin\plugin\src\Domain\ExportRestore\Contracts\Restore_Scope_Keys.php",18,1,error,"Whitespace found at end of line",Squiz.WhiteSpace.SuperfluousWhitespace.EndLine,5,1
"C:\Users\Home\Desktop\Wordpress Plugins\AIO Page Builder\AIO-Page-Builder-Plugin\plugin\src\Domain\ExportRestore\Contracts\Restore_Scope_Keys.php",21,1,error,"Whitespace found at end of line",Squiz.WhiteSpace.SuperfluousWhitespace.EndLine,5,1
"C:\Users\Home\Desktop\Wordpress Plugins\AIO Page Builder\AIO-Page-Builder-Plugin\plugin\src\Domain\ExportRestore\Contracts\Restore_Scope_Keys.php",24,1,error,"Whitespace found at end of line",Squiz.WhiteSpace.SuperfluousWhitespace.EndLine,5,1
"C:\Users\Home\Desktop\Wordpress Plugins\AIO Page Builder\AIO-Page-Builder-Plugin\plugin\src\Domain\ExportRestore\Contracts\Restore_Scope_Keys.php",27,1,error,"Whitespace found at end of line",Squiz.WhiteSpace.SuperfluousWhitespace.EndLine,5,1
"C:\Users\Home\Desktop\Wordpress Plugins\AIO Page Builder\AIO-Page-Builder-Plugin\plugin\src\Domain\ExportRestore\Contracts\Restore_Scope_Keys.php",41,1,error,"Whitespace found at end of line",Squiz.WhiteSpace.SuperfluousWhitespace.EndLine,5,1
"C:\Users\Home\Desktop\Wordpress Plugins\AIO Page Builder\AIO-Page-Builder-Plugin\plugin\src\Domain\ExportRestore\Contracts\Restore_Scope_Keys.php",45,1,error,"Expected 1 blank line at end of file; 2 found",PSR2.Files.EndFileNewline.TooMany,5,1
"C:\Users\Home\Desktop\Wordpress Plugins\AIO Page Builder\AIO-Page-Builder-Plugin\plugin\src\Domain\ExportRestore\Export\Export_Generator.php",448,66,error,"Using short ternaries is not allowed as they are rarely used correctly",Universal.Operators.DisallowShortTernary.Found,5,0
"C:\Users\Home\Desktop\Wordpress Plugins\AIO Page Builder\AIO-Page-Builder-Plugin\plugin\src\Domain\ExportRestore\Export\Export_Token_Set_Reader.php",37,36,error,"Use placeholders and $wpdb->prepare(); found $this",WordPress.DB.PreparedSQL.NotPrepared,5,0
"C:\Users\Home\Desktop\Wordpress Plugins\AIO Page Builder\AIO-Page-Builder-Plugin\plugin\src\Domain\ExportRestore\Export\Export_Token_Set_Reader.php",37,43,error,"Use placeholders and $wpdb->prepare(); found wpdb",WordPress.DB.PreparedSQL.NotPrepared,5,0
"C:\Users\Home\Desktop\Wordpress Plugins\AIO Page Builder\AIO-Page-Builder-Plugin\plugin\src\Domain\ExportRestore\Export\Export_Token_Set_Reader.php",37,49,error,"Use placeholders and $wpdb->prepare(); found prepare",WordPress.DB.PreparedSQL.NotPrepared,5,0
"C:\Users\Home\Desktop\Wordpress Plugins\AIO Page Builder\AIO-Page-Builder-Plugin\plugin\src\Domain\ExportRestore\Export\Export_Token_Set_Reader.php",37,81,error,"Use placeholders and $wpdb->prepare(); found $table",WordPress.DB.PreparedSQL.NotPrepared,5,0
"C:\Users\Home\Desktop\Wordpress Plugins\AIO Page Builder\AIO-Page-Builder-Plugin\plugin\src\Domain\ExportRestore\Export\Export_Token_Set_Reader.php",44,43,error,"Use placeholders and $wpdb->prepare(); found $sql",WordPress.DB.PreparedSQL.NotPrepared,5,0
"C:\Users\Home\Desktop\Wordpress Plugins\AIO Page Builder\AIO-Page-Builder-Plugin\plugin\src\Domain\ExportRestore\Export\Support_Package_Generator.php",126,12,error,"Expected type hint \"list<string>\"; found \"array\" for $optional_included",Squiz.Commenting.FunctionComment.IncorrectTypeHint,5,0
"C:\Users\Home\Desktop\Wordpress Plugins\AIO Page Builder\AIO-Page-Builder-Plugin\plugin\src\Domain\ExportRestore\Export\Support_Package_Generator.php",369,66,error,"Using short ternaries is not allowed as they are rarely used correctly",Universal.Operators.DisallowShortTernary.Found,5,0
"C:\Users\Home\Desktop\Wordpress Plugins\AIO Page Builder\AIO-Page-Builder-Plugin\plugin\src\Domain\ExportRestore\Export\Template_Library_Support_Summary_Builder.php",304,83,error,"Mixing different binary boolean operators within an expression without using parentheses to clarify precedence is not allowed.",Generic.CodeAnalysis.RequireExplicitBooleanOperatorPrecedence.MissingParentheses,5,0
"C:\Users\Home\Desktop\Wordpress Plugins\AIO Page Builder\AIO-Page-Builder-Plugin\plugin\src\Domain\ExportRestore\Export\Template_Library_Support_Summary_Builder.php",304,104,error,"Mixing different binary boolean operators within an expression without using parentheses to clarify precedence is not allowed.",Generic.CodeAnalysis.RequireExplicitBooleanOperatorPrecedence.MissingParentheses,5,0
"C:\Users\Home\Desktop\Wordpress Plugins\AIO Page Builder\AIO-Page-Builder-Plugin\plugin\src\Domain\ExportRestore\Export\Template_Library_Support_Summary_Builder.php",305,77,error,"Mixing different binary boolean operators within an expression without using parentheses to clarify precedence is not allowed.",Generic.CodeAnalysis.RequireExplicitBooleanOperatorPrecedence.MissingParentheses,5,0
"C:\Users\Home\Desktop\Wordpress Plugins\AIO Page Builder\AIO-Page-Builder-Plugin\plugin\src\Domain\ExportRestore\Export\Template_Library_Support_Summary_Builder.php",305,95,error,"Mixing different binary boolean operators within an expression without using parentheses to clarify precedence is not allowed.",Generic.CodeAnalysis.RequireExplicitBooleanOperatorPrecedence.MissingParentheses,5,0
"C:\Users\Home\Desktop\Wordpress Plugins\AIO Page Builder\AIO-Page-Builder-Plugin\plugin\src\Domain\ExportRestore\Import\Import_Validator.php",235,34,error,"Object property \"$numFiles\" is not in valid snake_case format, try \"$num_files\"",WordPress.NamingConventions.ValidVariableName.UsedPropertyNotSnakeCase,5,0
"C:\Users\Home\Desktop\Wordpress Plugins\AIO Page Builder\AIO-Page-Builder-Plugin\plugin\src\Domain\ExportRestore\Import\Restore_Pipeline.php",484,44,error,"Use placeholders and $wpdb->prepare(); found $this",WordPress.DB.PreparedSQL.NotPrepared,5,0
"C:\Users\Home\Desktop\Wordpress Plugins\AIO Page Builder\AIO-Page-Builder-Plugin\plugin\src\Domain\ExportRestore\Import\Restore_Pipeline.php",484,51,error,"Use placeholders and $wpdb->prepare(); found wpdb",WordPress.DB.PreparedSQL.NotPrepared,5,0
"C:\Users\Home\Desktop\Wordpress Plugins\AIO Page Builder\AIO-Page-Builder-Plugin\plugin\src\Domain\ExportRestore\Import\Restore_Pipeline.php",484,57,error,"Use placeholders and $wpdb->prepare(); found prepare",WordPress.DB.PreparedSQL.NotPrepared,5,0
"C:\Users\Home\Desktop\Wordpress Plugins\AIO Page Builder\AIO-Page-Builder-Plugin\plugin\src\Domain\ExportRestore\Import\Restore_Pipeline.php",484,89,error,"Use placeholders and $wpdb->prepare(); found $table",WordPress.DB.PreparedSQL.NotPrepared,5,0
"C:\Users\Home\Desktop\Wordpress Plugins\AIO Page Builder\AIO-Page-Builder-Plugin\plugin\src\Domain\ExportRestore\Uninstall\Uninstall_Cleanup_Service.php",75,37,error,"Use placeholders and $wpdb->prepare(); found interpolated variable {$table} at \"DROP TABLE IF EXISTS `{$table}`\"",WordPress.DB.PreparedSQL.InterpolatedNotPrepared,5,0
"C:\Users\Home\Desktop\Wordpress Plugins\AIO Page Builder\AIO-Page-Builder-Plugin\plugin\src\Domain\ExportRestore\Uninstall\Uninstall_Cleanup_Service.php",122,43,error,"Use placeholders and $wpdb->prepare(); found $this",WordPress.DB.PreparedSQL.NotPrepared,5,0
"C:\Users\Home\Desktop\Wordpress Plugins\AIO Page Builder\AIO-Page-Builder-Plugin\plugin\src\Domain\ExportRestore\Uninstall\Uninstall_Cleanup_Service.php",122,50,error,"Use placeholders and $wpdb->prepare(); found wpdb",WordPress.DB.PreparedSQL.NotPrepared,5,0
"C:\Users\Home\Desktop\Wordpress Plugins\AIO Page Builder\AIO-Page-Builder-Plugin\plugin\src\Domain\ExportRestore\Uninstall\Uninstall_Cleanup_Service.php",122,56,error,"Use placeholders and $wpdb->prepare(); found prepare",WordPress.DB.PreparedSQL.NotPrepared,5,0
"C:\Users\Home\Desktop\Wordpress Plugins\AIO Page Builder\AIO-Page-Builder-Plugin\plugin\src\Domain\ExportRestore\Uninstall\Uninstall_Cleanup_Service.php",122,65,error,"Use placeholders and $wpdb->prepare(); found interpolated variable {$table} at \"SELECT option_id FROM `{$table}` WHERE option_name LIKE %s\"",WordPress.DB.PreparedSQL.InterpolatedNotPrepared,5,0
"C:\Users\Home\Desktop\Wordpress Plugins\AIO Page Builder\AIO-Page-Builder-Plugin\plugin\src\Domain\ExportRestore\Uninstall\Uninstall_Cleanup_Service.php",122,127,error,"Use placeholders and $wpdb->prepare(); found $like",WordPress.DB.PreparedSQL.NotPrepared,5,0
"C:\Users\Home\Desktop\Wordpress Plugins\AIO Page Builder\AIO-Page-Builder-Plugin\plugin\src\Domain\ExportRestore\Uninstall\Uninstall_Cleanup_Service.php",132,51,error,"Use placeholders and $wpdb->prepare(); found $this",WordPress.DB.PreparedSQL.NotPrepared,5,0
"C:\Users\Home\Desktop\Wordpress Plugins\AIO Page Builder\AIO-Page-Builder-Plugin\plugin\src\Domain\ExportRestore\Uninstall\Uninstall_Cleanup_Service.php",132,58,error,"Use placeholders and $wpdb->prepare(); found wpdb",WordPress.DB.PreparedSQL.NotPrepared,5,0
"C:\Users\Home\Desktop\Wordpress Plugins\AIO Page Builder\AIO-Page-Builder-Plugin\plugin\src\Domain\ExportRestore\Uninstall\Uninstall_Cleanup_Service.php",132,64,error,"Use placeholders and $wpdb->prepare(); found prepare",WordPress.DB.PreparedSQL.NotPrepared,5,0
"C:\Users\Home\Desktop\Wordpress Plugins\AIO Page Builder\AIO-Page-Builder-Plugin\plugin\src\Domain\ExportRestore\Uninstall\Uninstall_Cleanup_Service.php",132,73,error,"Use placeholders and $wpdb->prepare(); found interpolated variable {$table} at \"SELECT option_id FROM `{$table}` WHERE option_name LIKE %s\"",WordPress.DB.PreparedSQL.InterpolatedNotPrepared,5,0
"C:\Users\Home\Desktop\Wordpress Plugins\AIO Page Builder\AIO-Page-Builder-Plugin\plugin\src\Domain\ExportRestore\Uninstall\Uninstall_Cleanup_Service.php",132,135,error,"Use placeholders and $wpdb->prepare(); found $like_timeout",WordPress.DB.PreparedSQL.NotPrepared,5,0
"C:\Users\Home\Desktop\Wordpress Plugins\AIO Page Builder\AIO-Page-Builder-Plugin\plugin\src\Domain\ExportRestore\Validation\Template_Library_Export_Validator.php",187,8,error,"Doc comment for parameter $one_pager_missing_keys does not match actual variable name $valid",Squiz.Commenting.FunctionComment.ParamNameNoMatch,5,0
"C:\Users\Home\Desktop\Wordpress Plugins\AIO Page Builder\AIO-Page-Builder-Plugin\plugin\src\Domain\ExportRestore\Validation\Template_Library_Export_Validator.php",188,8,error,"Doc comment for parameter $errors does not match actual variable name $section_count",Squiz.Commenting.FunctionComment.ParamNameNoMatch,5,0
"C:\Users\Home\Desktop\Wordpress Plugins\AIO Page Builder\AIO-Page-Builder-Plugin\plugin\src\Domain\ExportRestore\Validation\Template_Library_Export_Validator.php",189,8,error,"Doc comment for parameter $warnings does not match actual variable name $page_template_count",Squiz.Commenting.FunctionComment.ParamNameNoMatch,5,0
"C:\Users\Home\Desktop\Wordpress Plugins\AIO Page Builder\AIO-Page-Builder-Plugin\plugin\src\Domain\ExportRestore\Validation\Template_Library_Export_Validator.php",192,13,error,"Expected type hint \"array\"; found \"bool\" for $one_pager_missing_keys",Squiz.Commenting.FunctionComment.IncorrectTypeHint,5,0
"C:\Users\Home\Desktop\Wordpress Plugins\AIO Page Builder\AIO-Page-Builder-Plugin\plugin\src\Domain\ExportRestore\Validation\Template_Library_Export_Validator.php",192,13,error,"Expected type hint \"array\"; found \"int\" for $errors",Squiz.Commenting.FunctionComment.IncorrectTypeHint,5,0
"C:\Users\Home\Desktop\Wordpress Plugins\AIO Page Builder\AIO-Page-Builder-Plugin\plugin\src\Domain\ExportRestore\Validation\Template_Library_Export_Validator.php",192,13,error,"Expected type hint \"array\"; found \"int\" for $warnings",Squiz.Commenting.FunctionComment.IncorrectTypeHint,5,0
"C:\Users\Home\Desktop\Wordpress Plugins\AIO Page Builder\AIO-Page-Builder-Plugin\plugin\src\Domain\Industry\Overrides\Industry_Override_Read_Model_Builder.php",115,8,error,"Doc comment for parameter $override does not match actual variable name $target_type",Squiz.Commenting.FunctionComment.ParamNameNoMatch,5,0
"C:\Users\Home\Desktop\Wordpress Plugins\AIO Page Builder\AIO-Page-Builder-Plugin\plugin\src\Domain\Industry\Overrides\Industry_Override_Read_Model_Builder.php",118,13,error,"Expected type hint \"array\"; found \"string\" for $override",Squiz.Commenting.FunctionComment.IncorrectTypeHint,5,0
"C:\Users\Home\Desktop\Wordpress Plugins\AIO Page Builder\AIO-Page-Builder-Plugin\plugin\src\Domain\Industry\Registry\Industry_Substitute_Suggestion_Engine.php",205,8,error,"Doc comment for parameter $candidates does not match actual variable name $original_key",Squiz.Commenting.FunctionComment.ParamNameNoMatch,5,0
"C:\Users\Home\Desktop\Wordpress Plugins\AIO Page Builder\AIO-Page-Builder-Plugin\plugin\src\Domain\Industry\Registry\Industry_Substitute_Suggestion_Engine.php",208,13,error,"Expected type hint \"array\"; found \"string\" for $candidates",Squiz.Commenting.FunctionComment.IncorrectTypeHint,5,0
"C:\Users\Home\Desktop\Wordpress Plugins\AIO Page Builder\AIO-Page-Builder-Plugin\plugin\src\Domain\Industry\Registry\Industry_Substitute_Suggestion_Engine.php",249,8,error,"Doc comment for parameter $candidates does not match actual variable name $original_key",Squiz.Commenting.FunctionComment.ParamNameNoMatch,5,0
"C:\Users\Home\Desktop\Wordpress Plugins\AIO Page Builder\AIO-Page-Builder-Plugin\plugin\src\Domain\Industry\Registry\Industry_Substitute_Suggestion_Engine.php",252,13,error,"Expected type hint \"array\"; found \"string\" for $candidates",Squiz.Commenting.FunctionComment.IncorrectTypeHint,5,0
"C:\Users\Home\Desktop\Wordpress Plugins\AIO Page Builder\AIO-Page-Builder-Plugin\plugin\src\Domain\Industry\Registry\SharedFragments\builtin-fragments.php",17,5,error,"Inline comments must end in full-stops, exclamation marks, or question marks",Squiz.Commenting.InlineComment.InvalidEndChar,5,0
"C:\Users\Home\Desktop\Wordpress Plugins\AIO Page Builder\AIO-Page-Builder-Plugin\plugin\src\Domain\Industry\Registry\SharedFragments\builtin-fragments.php",42,5,error,"Inline comments must end in full-stops, exclamation marks, or question marks",Squiz.Commenting.InlineComment.InvalidEndChar,5,0
"C:\Users\Home\Desktop\Wordpress Plugins\AIO Page Builder\AIO-Page-Builder-Plugin\plugin\src\Domain\Industry\Registry\SharedFragments\builtin-fragments.php",59,5,error,"Inline comments must end in full-stops, exclamation marks, or question marks",Squiz.Commenting.InlineComment.InvalidEndChar,5,0
"C:\Users\Home\Desktop\Wordpress Plugins\AIO Page Builder\AIO-Page-Builder-Plugin\plugin\src\Domain\Industry\Registry\SharedFragments\builtin-fragments.php",92,5,error,"Inline comments must end in full-stops, exclamation marks, or question marks",Squiz.Commenting.InlineComment.InvalidEndChar,5,0
"C:\Users\Home\Desktop\Wordpress Plugins\AIO Page Builder\AIO-Page-Builder-Plugin\plugin\src\Domain\Industry\Reporting\Conversion_Goal_Benchmark_Service.php",52,12,error,"Expected type hint \"list<string>\"; found \"array\" for $goal_keys",Squiz.Commenting.FunctionComment.IncorrectTypeHint,5,0
"C:\Users\Home\Desktop\Wordpress Plugins\AIO Page Builder\AIO-Page-Builder-Plugin\plugin\src\Domain\Industry\Reporting\Future_Industry_Scorecard_Executor.php",257,8,error,"Doc comment for parameter $risks does not match actual variable name $aggregate",Squiz.Commenting.FunctionComment.ParamNameNoMatch,5,0
"C:\Users\Home\Desktop\Wordpress Plugins\AIO Page Builder\AIO-Page-Builder-Plugin\plugin\src\Domain\Industry\Reporting\Future_Industry_Scorecard_Executor.php",259,13,error,"Expected type hint \"list<string>\"; found \"int\" for $risks",Squiz.Commenting.FunctionComment.IncorrectTypeHint,5,0
"C:\Users\Home\Desktop\Wordpress Plugins\AIO Page Builder\AIO-Page-Builder-Plugin\plugin\src\Domain\Industry\Reporting\Future_Industry_Scorecard_Executor.php",286,8,error,"Doc comment for parameter $risks does not match actual variable name $label",Squiz.Commenting.FunctionComment.ParamNameNoMatch,5,0
"C:\Users\Home\Desktop\Wordpress Plugins\AIO Page Builder\AIO-Page-Builder-Plugin\plugin\src\Domain\Industry\Reporting\Future_Industry_Scorecard_Executor.php",288,13,error,"Expected type hint \"list<string>\"; found \"string\" for $risks",Squiz.Commenting.FunctionComment.IncorrectTypeHint,5,0
"C:\Users\Home\Desktop\Wordpress Plugins\AIO Page Builder\AIO-Page-Builder-Plugin\plugin\src\Domain\Industry\Reporting\Industry_Asset_Aging_Report_Service.php",72,9,error,"Duplicate array key found. The value will be overwritten. The string array key \"Docs/SubtypeGoalOverlays\" was first seen on line 67",Universal.Arrays.DuplicateArrayKey.Found,5,0
"C:\Users\Home\Desktop\Wordpress Plugins\AIO Page Builder\AIO-Page-Builder-Plugin\plugin\src\Domain\Industry\Reporting\Industry_Asset_Aging_Report_Service.php",132,70,error,"Inline comments must end in full-stops, exclamation marks, or question marks",Squiz.Commenting.InlineComment.InvalidEndChar,5,0
"C:\Users\Home\Desktop\Wordpress Plugins\AIO Page Builder\AIO-Page-Builder-Plugin\plugin\src\Domain\Industry\Reporting\Industry_Candidate_Template_Overlap_Analyzer.php",34,8,error,"Missing parameter name",Squiz.Commenting.FunctionComment.MissingParamName,5,0
"C:\Users\Home\Desktop\Wordpress Plugins\AIO Page Builder\AIO-Page-Builder-Plugin\plugin\src\Domain\Industry\Reporting\Industry_Coverage_Gap_Analyzer.php",155,8,error,"Doc comment for parameter $pack does not match actual variable name $industry_key",Squiz.Commenting.FunctionComment.ParamNameNoMatch,5,0
"C:\Users\Home\Desktop\Wordpress Plugins\AIO Page Builder\AIO-Page-Builder-Plugin\plugin\src\Domain\Industry\Reporting\Industry_Coverage_Gap_Analyzer.php",156,8,error,"Doc comment for parameter $gaps does not match actual variable name $subtype_key",Squiz.Commenting.FunctionComment.ParamNameNoMatch,5,0
"C:\Users\Home\Desktop\Wordpress Plugins\AIO Page Builder\AIO-Page-Builder-Plugin\plugin\src\Domain\Industry\Reporting\Industry_Coverage_Gap_Analyzer.php",157,8,error,"Doc comment for parameter $by_scope does not match actual variable name $pack",Squiz.Commenting.FunctionComment.ParamNameNoMatch,5,0
"C:\Users\Home\Desktop\Wordpress Plugins\AIO Page Builder\AIO-Page-Builder-Plugin\plugin\src\Domain\Industry\Reporting\Industry_Coverage_Gap_Analyzer.php",158,8,error,"Doc comment for parameter $scope_override does not match actual variable name $gaps",Squiz.Commenting.FunctionComment.ParamNameNoMatch,5,0
"C:\Users\Home\Desktop\Wordpress Plugins\AIO Page Builder\AIO-Page-Builder-Plugin\plugin\src\Domain\Industry\Reporting\Industry_Coverage_Gap_Analyzer.php",160,13,error,"Expected type hint \"array\"; found \"string\" for $gaps",Squiz.Commenting.FunctionComment.IncorrectTypeHint,5,0
"C:\Users\Home\Desktop\Wordpress Plugins\AIO Page Builder\AIO-Page-Builder-Plugin\plugin\src\Domain\Industry\Reporting\Industry_Coverage_Gap_Analyzer.php",160,13,error,"Expected type hint \"string\"; found \"array\" for $scope_override",Squiz.Commenting.FunctionComment.IncorrectTypeHint,5,0
"C:\Users\Home\Desktop\Wordpress Plugins\AIO Page Builder\AIO-Page-Builder-Plugin\plugin\src\Domain\Industry\Reporting\Industry_Pack_Completeness_Report_Service.php",173,8,error,"Doc comment for parameter $pack does not match actual variable name $industry_key",Squiz.Commenting.FunctionComment.ParamNameNoMatch,5,0
"C:\Users\Home\Desktop\Wordpress Plugins\AIO Page Builder\AIO-Page-Builder-Plugin\plugin\src\Domain\Industry\Reporting\Industry_Pack_Completeness_Report_Service.php",174,8,error,"Doc comment for parameter $health_errors_by_key does not match actual variable name $subtype_key",Squiz.Commenting.FunctionComment.ParamNameNoMatch,5,0
"C:\Users\Home\Desktop\Wordpress Plugins\AIO Page Builder\AIO-Page-Builder-Plugin\plugin\src\Domain\Industry\Reporting\Industry_Pack_Completeness_Report_Service.php",177,13,error,"Expected type hint \"array\"; found \"string\" for $health_errors_by_key",Squiz.Commenting.FunctionComment.IncorrectTypeHint,5,0
"C:\Users\Home\Desktop\Wordpress Plugins\AIO Page Builder\AIO-Page-Builder-Plugin\plugin\src\Domain\Industry\Reporting\Industry_Pack_Completeness_Report_Service.php",186,49,error,"Inline comments must end in full-stops, exclamation marks, or question marks",Squiz.Commenting.InlineComment.InvalidEndChar,5,0
"C:\Users\Home\Desktop\Wordpress Plugins\AIO Page Builder\AIO-Page-Builder-Plugin\plugin\src\Domain\Industry\Reporting\Industry_Pack_Completeness_Report_Service.php",216,55,error,"Inline comments must end in full-stops, exclamation marks, or question marks",Squiz.Commenting.InlineComment.InvalidEndChar,5,0
"C:\Users\Home\Desktop\Wordpress Plugins\AIO Page Builder\AIO-Page-Builder-Plugin\plugin\src\Domain\Industry\Reporting\Industry_Pack_Completeness_Report_Service.php",265,55,error,"Inline comments must end in full-stops, exclamation marks, or question marks",Squiz.Commenting.InlineComment.InvalidEndChar,5,0
"C:\Users\Home\Desktop\Wordpress Plugins\AIO Page Builder\AIO-Page-Builder-Plugin\plugin\src\Domain\Industry\Reporting\Industry_Pack_Completeness_Report_Service.php",322,8,error,"Doc comment for parameter $blocker_flags does not match actual variable name $total",Squiz.Commenting.FunctionComment.ParamNameNoMatch,5,0
"C:\Users\Home\Desktop\Wordpress Plugins\AIO Page Builder\AIO-Page-Builder-Plugin\plugin\src\Domain\Industry\Reporting\Industry_Pack_Completeness_Report_Service.php",324,13,error,"Expected type hint \"list<string>\"; found \"int\" for $blocker_flags",Squiz.Commenting.FunctionComment.IncorrectTypeHint,5,0
"C:\Users\Home\Desktop\Wordpress Plugins\AIO Page Builder\AIO-Page-Builder-Plugin\plugin\src\Domain\Industry\Reporting\Industry_Pack_Diff_Result.php",53,12,error,"Expected type hint \"list<string>\"; found \"array\" for $added",Squiz.Commenting.FunctionComment.IncorrectTypeHint,5,0
"C:\Users\Home\Desktop\Wordpress Plugins\AIO Page Builder\AIO-Page-Builder-Plugin\plugin\src\Domain\Industry\Reporting\Industry_Pack_Diff_Result.php",53,12,error,"Expected type hint \"list<string>\"; found \"array\" for $removed",Squiz.Commenting.FunctionComment.IncorrectTypeHint,5,0
"C:\Users\Home\Desktop\Wordpress Plugins\AIO Page Builder\AIO-Page-Builder-Plugin\plugin\src\Domain\Industry\Reporting\Industry_Pack_Diff_Result.php",53,12,error,"Expected type hint \"list<string>\"; found \"array\" for $notes",Squiz.Commenting.FunctionComment.IncorrectTypeHint,5,0
"C:\Users\Home\Desktop\Wordpress Plugins\AIO Page Builder\AIO-Page-Builder-Plugin\plugin\src\Domain\Industry\Reporting\Industry_Pack_Diff_Service.php",97,13,error,"Expected type hint \"list<string>\"; found \"array\" for $notes",Squiz.Commenting.FunctionComment.IncorrectTypeHint,5,0
"C:\Users\Home\Desktop\Wordpress Plugins\AIO Page Builder\AIO-Page-Builder-Plugin\plugin\src\Domain\Industry\Reporting\Industry_Pack_Diff_Service.php",223,13,error,"Expected type hint \"list<string>\"; found \"array\" for $added",Squiz.Commenting.FunctionComment.IncorrectTypeHint,5,0
"C:\Users\Home\Desktop\Wordpress Plugins\AIO Page Builder\AIO-Page-Builder-Plugin\plugin\src\Domain\Industry\Reporting\Industry_Pack_Diff_Service.php",223,13,error,"Expected type hint \"list<string>\"; found \"array\" for $removed",Squiz.Commenting.FunctionComment.IncorrectTypeHint,5,0
"C:\Users\Home\Desktop\Wordpress Plugins\AIO Page Builder\AIO-Page-Builder-Plugin\plugin\src\Domain\Industry\Reporting\Industry_Starter_Bundle_Diff_Service.php",44,12,error,"Expected type hint \"list<string>\"; found \"array\" for $bundle_keys",Squiz.Commenting.FunctionComment.IncorrectTypeHint,5,0
"C:\Users\Home\Desktop\Wordpress Plugins\AIO Page Builder\AIO-Page-Builder-Plugin\plugin\src\Domain\Industry\Reporting\Industry_Style_Preset_Benchmark_Service.php",116,8,error,"Doc comment for parameter $preset does not match actual variable name $key",Squiz.Commenting.FunctionComment.ParamNameNoMatch,5,0
"C:\Users\Home\Desktop\Wordpress Plugins\AIO Page Builder\AIO-Page-Builder-Plugin\plugin\src\Domain\Industry\Reporting\Industry_Style_Preset_Benchmark_Service.php",118,13,error,"Expected type hint \"array\"; found \"string\" for $preset",Squiz.Commenting.FunctionComment.IncorrectTypeHint,5,0
"C:\Users\Home\Desktop\Wordpress Plugins\AIO Page Builder\AIO-Page-Builder-Plugin\plugin\src\Domain\Industry\Reporting\Industry_Subtype_Goal_Benchmark_Service.php",135,13,error,"Expected type hint \"list<string>\"; found \"array\" for $goal_keys",Squiz.Commenting.FunctionComment.IncorrectTypeHint,5,0
"C:\Users\Home\Desktop\Wordpress Plugins\AIO Page Builder\AIO-Page-Builder-Plugin\plugin\src\Domain\Industry\Reporting\Industry_Subtype_Goal_Benchmark_Service.php",225,107,error,"Using short ternaries is not allowed as they are rarely used correctly",Universal.Operators.DisallowShortTernary.Found,5,0
"C:\Users\Home\Desktop\Wordpress Plugins\AIO Page Builder\AIO-Page-Builder-Plugin\plugin\src\Domain\Industry\Reporting\Industry_Subtype_Goal_Benchmark_Service.php",225,133,error,"Using short ternaries is not allowed as they are rarely used correctly",Universal.Operators.DisallowShortTernary.Found,5,0
"C:\Users\Home\Desktop\Wordpress Plugins\AIO Page Builder\AIO-Page-Builder-Plugin\plugin\src\Domain\Industry\Reporting\Industry_Subtype_Goal_Benchmark_Service.php",225,156,error,"Using short ternaries is not allowed as they are rarely used correctly",Universal.Operators.DisallowShortTernary.Found,5,0
"C:\Users\Home\Desktop\Wordpress Plugins\AIO Page Builder\AIO-Page-Builder-Plugin\plugin\src\Domain\Preview\Preview_Cache_Record.php",64,8,error,"Parameter comment must end with a full stop",Squiz.Commenting.FunctionComment.ParamCommentFullStop,5,0
"C:\Users\Home\Desktop\Wordpress Plugins\AIO Page Builder\AIO-Page-Builder-Plugin\plugin\src\Domain\Preview\Preview_Cache_Service.php",62,8,error,"Parameter comment must end with a full stop",Squiz.Commenting.FunctionComment.ParamCommentFullStop,5,0
"C:\Users\Home\Desktop\Wordpress Plugins\AIO Page Builder\AIO-Page-Builder-Plugin\plugin\src\Domain\Preview\Preview_Cache_Service.php",121,8,error,"Parameter comment must end with a full stop",Squiz.Commenting.FunctionComment.ParamCommentFullStop,5,0
"C:\Users\Home\Desktop\Wordpress Plugins\AIO Page Builder\AIO-Page-Builder-Plugin\plugin\src\Domain\Registries\Composition\Composition_Registry_Service.php",340,71,error,"Using short ternaries is not allowed as they are rarely used correctly",Universal.Operators.DisallowShortTernary.Found,5,0
"C:\Users\Home\Desktop\Wordpress Plugins\AIO Page Builder\AIO-Page-Builder-Plugin\plugin\src\Domain\Registries\Compositions\Validation\Composition_Validation_Result.php",42,8,error,"Doc comment for parameter $blockers does not match actual variable name $valid",Squiz.Commenting.FunctionComment.ParamNameNoMatch,5,0
"C:\Users\Home\Desktop\Wordpress Plugins\AIO Page Builder\AIO-Page-Builder-Plugin\plugin\src\Domain\Registries\Compositions\Validation\Composition_Validation_Result.php",43,8,error,"Doc comment for parameter $warnings does not match actual variable name $blockers",Squiz.Commenting.FunctionComment.ParamNameNoMatch,5,0
"C:\Users\Home\Desktop\Wordpress Plugins\AIO Page Builder\AIO-Page-Builder-Plugin\plugin\src\Domain\Registries\Compositions\Validation\Composition_Validation_Result.php",44,8,error,"Doc comment for parameter $cta_rule_violations does not match actual variable name $warnings",Squiz.Commenting.FunctionComment.ParamNameNoMatch,5,0
"C:\Users\Home\Desktop\Wordpress Plugins\AIO Page Builder\AIO-Page-Builder-Plugin\plugin\src\Domain\Registries\Compositions\Validation\Composition_Validation_Result.php",45,8,error,"Doc comment for parameter $compatibility_violations does not match actual variable name $cta_rule_violations",Squiz.Commenting.FunctionComment.ParamNameNoMatch,5,0
"C:\Users\Home\Desktop\Wordpress Plugins\AIO Page Builder\AIO-Page-Builder-Plugin\plugin\src\Domain\Registries\Compositions\Validation\Composition_Validation_Result.php",46,8,error,"Doc comment for parameter $preview_readiness_warnings does not match actual variable name $compatibility_violations",Squiz.Commenting.FunctionComment.ParamNameNoMatch,5,0
"C:\Users\Home\Desktop\Wordpress Plugins\AIO Page Builder\AIO-Page-Builder-Plugin\plugin\src\Domain\Registries\Compositions\Validation\Composition_Validation_Result.php",47,8,error,"Doc comment for parameter $legacy_codes does not match actual variable name $preview_readiness_warnings",Squiz.Commenting.FunctionComment.ParamNameNoMatch,5,0
"C:\Users\Home\Desktop\Wordpress Plugins\AIO Page Builder\AIO-Page-Builder-Plugin\plugin\src\Domain\Registries\Compositions\Validation\Composition_Validation_Result.php",49,12,error,"Expected type hint \"array\"; found \"bool\" for $blockers",Squiz.Commenting.FunctionComment.IncorrectTypeHint,5,0
"C:\Users\Home\Desktop\Wordpress Plugins\AIO Page Builder\AIO-Page-Builder-Plugin\plugin\src\Domain\Registries\PageTemplate\ChildDetailBatch\Child_Detail_Page_Template_Definitions.php",110,20,error,"Expected type hint \"list<string>\"; found \"array\" for $section_keys",Squiz.Commenting.FunctionComment.IncorrectTypeHint,5,0
"C:\Users\Home\Desktop\Wordpress Plugins\AIO Page Builder\AIO-Page-Builder-Plugin\plugin\src\Domain\Registries\PageTemplate\ChildDetailBatch\Child_Detail_Page_Template_Definitions.php",143,20,error,"Expected type hint \"list<string>\"; found \"array\" for $parent_family_compatibility",Squiz.Commenting.FunctionComment.IncorrectTypeHint,5,0
"C:\Users\Home\Desktop\Wordpress Plugins\AIO Page Builder\AIO-Page-Builder-Plugin\plugin\src\Domain\Registries\PageTemplate\GeographicHubBatch\Geographic_Hub_Page_Template_Definitions.php",84,20,error,"Expected type hint \"list<string>\"; found \"array\" for $section_keys",Squiz.Commenting.FunctionComment.IncorrectTypeHint,5,0
"C:\Users\Home\Desktop\Wordpress Plugins\AIO Page Builder\AIO-Page-Builder-Plugin\plugin\src\Domain\Registries\PageTemplate\UI\Page_Template_Detail_State_Builder.php",382,8,error,"Parameter comment must end with a full stop",Squiz.Commenting.FunctionComment.ParamCommentFullStop,5,0
"C:\Users\Home\Desktop\Wordpress Plugins\AIO Page Builder\AIO-Page-Builder-Plugin\plugin\src\Domain\Registries\PageTemplate\UI\Page_Template_Detail_State_Builder.php",402,8,error,"Parameter comment must end with a full stop",Squiz.Commenting.FunctionComment.ParamCommentFullStop,5,0
"C:\Users\Home\Desktop\Wordpress Plugins\AIO Page Builder\AIO-Page-Builder-Plugin\plugin\src\Domain\Registries\Section\GapClosingSuperBatch\Section_Gap_Closing_Super_Batch_Definitions.php",41,13,error,"Inline comments must end in full-stops, exclamation marks, or question marks",Squiz.Commenting.InlineComment.InvalidEndChar,5,0
"C:\Users\Home\Desktop\Wordpress Plugins\AIO Page Builder\AIO-Page-Builder-Plugin\plugin\src\Domain\Registries\Section\GapClosingSuperBatch\Section_Gap_Closing_Super_Batch_Definitions.php",202,13,error,"Inline comments must end in full-stops, exclamation marks, or question marks",Squiz.Commenting.InlineComment.InvalidEndChar,5,0
"C:\Users\Home\Desktop\Wordpress Plugins\AIO Page Builder\AIO-Page-Builder-Plugin\plugin\src\Domain\Registries\Section\GapClosingSuperBatch\Section_Gap_Closing_Super_Batch_Definitions.php",363,13,error,"Inline comments must end in full-stops, exclamation marks, or question marks",Squiz.Commenting.InlineComment.InvalidEndChar,5,0
"C:\Users\Home\Desktop\Wordpress Plugins\AIO Page Builder\AIO-Page-Builder-Plugin\plugin\src\Domain\Registries\Section\GapClosingSuperBatch\Section_Gap_Closing_Super_Batch_Definitions.php",444,13,error,"Inline comments must end in full-stops, exclamation marks, or question marks",Squiz.Commenting.InlineComment.InvalidEndChar,5,0
"C:\Users\Home\Desktop\Wordpress Plugins\AIO Page Builder\AIO-Page-Builder-Plugin\plugin\src\Domain\Registries\Section\GapClosingSuperBatch\Section_Gap_Closing_Super_Batch_Definitions.php",509,13,error,"Inline comments must end in full-stops, exclamation marks, or question marks",Squiz.Commenting.InlineComment.InvalidEndChar,5,0
"C:\Users\Home\Desktop\Wordpress Plugins\AIO Page Builder\AIO-Page-Builder-Plugin\plugin\src\Domain\Registries\Section\GapClosingSuperBatch\Section_Gap_Closing_Super_Batch_Definitions.php",574,13,error,"Inline comments must end in full-stops, exclamation marks, or question marks",Squiz.Commenting.InlineComment.InvalidEndChar,5,0
"C:\Users\Home\Desktop\Wordpress Plugins\AIO Page Builder\AIO-Page-Builder-Plugin\plugin\src\Domain\Registries\Section\GapClosingSuperBatch\Section_Gap_Closing_Super_Batch_Definitions.php",719,13,error,"Inline comments must end in full-stops, exclamation marks, or question marks",Squiz.Commenting.InlineComment.InvalidEndChar,5,0
"C:\Users\Home\Desktop\Wordpress Plugins\AIO Page Builder\AIO-Page-Builder-Plugin\plugin\src\Domain\Registries\Section\GapClosingSuperBatch\Section_Gap_Closing_Super_Batch_Definitions.php",784,13,error,"Inline comments must end in full-stops, exclamation marks, or question marks",Squiz.Commenting.InlineComment.InvalidEndChar,5,0
"C:\Users\Home\Desktop\Wordpress Plugins\AIO Page Builder\AIO-Page-Builder-Plugin\plugin\src\Domain\Registries\Section\GapClosingSuperBatch\Section_Gap_Closing_Super_Batch_Definitions.php",849,13,error,"Inline comments must end in full-stops, exclamation marks, or question marks",Squiz.Commenting.InlineComment.InvalidEndChar,5,0
"C:\Users\Home\Desktop\Wordpress Plugins\AIO Page Builder\AIO-Page-Builder-Plugin\plugin\src\Domain\Registries\Section\GapClosingSuperBatch\Section_Gap_Closing_Super_Batch_Definitions.php",882,13,error,"Inline comments must end in full-stops, exclamation marks, or question marks",Squiz.Commenting.InlineComment.InvalidEndChar,5,0
"C:\Users\Home\Desktop\Wordpress Plugins\AIO Page Builder\AIO-Page-Builder-Plugin\plugin\src\Domain\Registries\Section\GapClosingSuperBatch\Section_Gap_Closing_Super_Batch_Definitions.php",947,13,error,"Inline comments must end in full-stops, exclamation marks, or question marks",Squiz.Commenting.InlineComment.InvalidEndChar,5,0
"C:\Users\Home\Desktop\Wordpress Plugins\AIO Page Builder\AIO-Page-Builder-Plugin\plugin\src\Domain\Registries\Section\GapClosingSuperBatch\Section_Gap_Closing_Super_Batch_Definitions.php",996,13,error,"Inline comments must end in full-stops, exclamation marks, or question marks",Squiz.Commenting.InlineComment.InvalidEndChar,5,0
"C:\Users\Home\Desktop\Wordpress Plugins\AIO Page Builder\AIO-Page-Builder-Plugin\plugin\src\Domain\Registries\Section\GapClosingSuperBatch\Section_Gap_Closing_Super_Batch_Definitions.php",1077,13,error,"Inline comments must end in full-stops, exclamation marks, or question marks",Squiz.Commenting.InlineComment.InvalidEndChar,5,0
"C:\Users\Home\Desktop\Wordpress Plugins\AIO Page Builder\AIO-Page-Builder-Plugin\plugin\src\Domain\Registries\Section\Section_Definition_Normalizer.php",299,13,error,"Duplicate array key found. The value will be overwritten. The string array key \"accessibility_contract_ref\" was first seen on line 290",Universal.Arrays.DuplicateArrayKey.Found,5,0
"C:\Users\Home\Desktop\Wordpress Plugins\AIO Page Builder\AIO-Page-Builder-Plugin\plugin\src\Domain\Registries\Section\Section_Validator.php",157,13,error,"Empty IF statement detected",Generic.CodeAnalysis.EmptyStatement.DetectedIf,5,0
"C:\Users\Home\Desktop\Wordpress Plugins\AIO Page Builder\AIO-Page-Builder-Plugin\plugin\src\Domain\Registries\Section\UI\Section_Template_Detail_State_Builder.php",308,8,error,"Parameter comment must end with a full stop",Squiz.Commenting.FunctionComment.ParamCommentFullStop,5,0
"C:\Users\Home\Desktop\Wordpress Plugins\AIO Page Builder\AIO-Page-Builder-Plugin\plugin\src\Domain\Registries\Section\UI\Section_Template_Detail_State_Builder.php",329,8,error,"Parameter comment must end with a full stop",Squiz.Commenting.FunctionComment.ParamCommentFullStop,5,0
"C:\Users\Home\Desktop\Wordpress Plugins\AIO Page Builder\AIO-Page-Builder-Plugin\plugin\src\Domain\Registries\Shared\Registry_Integrity_Validator.php",137,8,error,"Parameter comment must end with a full stop",Squiz.Commenting.FunctionComment.ParamCommentFullStop,5,0
"C:\Users\Home\Desktop\Wordpress Plugins\AIO Page Builder\AIO-Page-Builder-Plugin\plugin\src\Domain\Rendering\Page\Page_Instantiation_Payload_Builder.php",90,8,error,"Doc comment for parameter $version does not match actual variable name $assembly",Squiz.Commenting.FunctionComment.ParamNameNoMatch,5,0
"C:\Users\Home\Desktop\Wordpress Plugins\AIO Page Builder\AIO-Page-Builder-Plugin\plugin\src\Domain\Rendering\Page\Page_Instantiation_Payload_Builder.php",91,8,error,"Doc comment for parameter $target_post_id does not match actual variable name $page_title",Squiz.Commenting.FunctionComment.ParamNameNoMatch,5,0
"C:\Users\Home\Desktop\Wordpress Plugins\AIO Page Builder\AIO-Page-Builder-Plugin\plugin\src\Domain\Reporting\Errors\Developer_Error_Reporting_Service.php",217,47,error,"$_SERVER['SERVER_ADDR'] not unslashed before sanitization. Use wp_unslash() or similar",WordPress.Security.ValidatedSanitizedInput.MissingUnslash,5,0
"C:\Users\Home\Desktop\Wordpress Plugins\AIO Page Builder\AIO-Page-Builder-Plugin\plugin\src\Domain\Reporting\Heartbeat\Heartbeat_Service.php",122,21,error,"Using short ternaries is not allowed as they are rarely used correctly",Universal.Operators.DisallowShortTernary.Found,5,0
"C:\Users\Home\Desktop\Wordpress Plugins\AIO Page Builder\AIO-Page-Builder-Plugin\plugin\src\Domain\Reporting\Heartbeat\Heartbeat_Service.php",131,72,error,"Using short ternaries is not allowed as they are rarely used correctly",Universal.Operators.DisallowShortTernary.Found,5,0
"C:\Users\Home\Desktop\Wordpress Plugins\AIO Page Builder\AIO-Page-Builder-Plugin\plugin\src\Domain\Reporting\Heartbeat\Heartbeat_Service.php",179,47,error,"$_SERVER['SERVER_ADDR'] not unslashed before sanitization. Use wp_unslash() or similar",WordPress.Security.ValidatedSanitizedInput.MissingUnslash,5,0
"C:\Users\Home\Desktop\Wordpress Plugins\AIO Page Builder\AIO-Page-Builder-Plugin\plugin\src\Domain\Reporting\Install\Install_Notification_Service.php",96,21,error,"Using short ternaries is not allowed as they are rarely used correctly",Universal.Operators.DisallowShortTernary.Found,5,0
"C:\Users\Home\Desktop\Wordpress Plugins\AIO Page Builder\AIO-Page-Builder-Plugin\plugin\src\Domain\Reporting\Install\Install_Notification_Service.php",105,72,error,"Using short ternaries is not allowed as they are rarely used correctly",Universal.Operators.DisallowShortTernary.Found,5,0
"C:\Users\Home\Desktop\Wordpress Plugins\AIO Page Builder\AIO-Page-Builder-Plugin\plugin\src\Domain\Reporting\Install\Install_Notification_Service.php",144,47,error,"$_SERVER['SERVER_ADDR'] not unslashed before sanitization. Use wp_unslash() or similar",WordPress.Security.ValidatedSanitizedInput.MissingUnslash,5,0
"C:\Users\Home\Desktop\Wordpress Plugins\AIO Page Builder\AIO-Page-Builder-Plugin\plugin\src\Domain\Reporting\Logs\Log_Export_Service.php",466,8,error,"Parameter comment must end with a full stop",Squiz.Commenting.FunctionComment.ParamCommentFullStop,5,0
"C:\Users\Home\Desktop\Wordpress Plugins\AIO Page Builder\AIO-Page-Builder-Plugin\plugin\src\Domain\Storage\Assignments\Assignment_Map_Service.php",54,13,error,"Use placeholders and $wpdb->prepare(); found $this",WordPress.DB.PreparedSQL.NotPrepared,5,0
"C:\Users\Home\Desktop\Wordpress Plugins\AIO Page Builder\AIO-Page-Builder-Plugin\plugin\src\Domain\Storage\Assignments\Assignment_Map_Service.php",54,20,error,"Use placeholders and $wpdb->prepare(); found wpdb",WordPress.DB.PreparedSQL.NotPrepared,5,0
"C:\Users\Home\Desktop\Wordpress Plugins\AIO Page Builder\AIO-Page-Builder-Plugin\plugin\src\Domain\Storage\Assignments\Assignment_Map_Service.php",54,26,error,"Use placeholders and $wpdb->prepare(); found prepare",WordPress.DB.PreparedSQL.NotPrepared,5,0
"C:\Users\Home\Desktop\Wordpress Plugins\AIO Page Builder\AIO-Page-Builder-Plugin\plugin\src\Domain\Storage\Assignments\Assignment_Map_Service.php",55,17,error,"Use placeholders and $wpdb->prepare(); found interpolated variable {$this->table} at \"INSERT INTO `{$this->table}` (`map_type`,`source_ref`,`target_ref`,`scope_ref`,`payload`,`schema_version`) VALUES (%s,%s,%s,%s,%s,%s)\"",WordPress.DB.PreparedSQL.InterpolatedNotPrepared,5,0
"C:\Users\Home\Desktop\Wordpress Plugins\AIO Page Builder\AIO-Page-Builder-Plugin\plugin\src\Domain\Storage\Assignments\Assignment_Map_Service.php",56,17,error,"Use placeholders and $wpdb->prepare(); found $map_type",WordPress.DB.PreparedSQL.NotPrepared,5,0
"C:\Users\Home\Desktop\Wordpress Plugins\AIO Page Builder\AIO-Page-Builder-Plugin\plugin\src\Domain\Storage\Assignments\Assignment_Map_Service.php",57,17,error,"Use placeholders and $wpdb->prepare(); found $source_ref",WordPress.DB.PreparedSQL.NotPrepared,5,0
"C:\Users\Home\Desktop\Wordpress Plugins\AIO Page Builder\AIO-Page-Builder-Plugin\plugin\src\Domain\Storage\Assignments\Assignment_Map_Service.php",58,17,error,"Use placeholders and $wpdb->prepare(); found $target_ref",WordPress.DB.PreparedSQL.NotPrepared,5,0
"C:\Users\Home\Desktop\Wordpress Plugins\AIO Page Builder\AIO-Page-Builder-Plugin\plugin\src\Domain\Storage\Assignments\Assignment_Map_Service.php",59,17,error,"Use placeholders and $wpdb->prepare(); found $scope_val",WordPress.DB.PreparedSQL.NotPrepared,5,0
"C:\Users\Home\Desktop\Wordpress Plugins\AIO Page Builder\AIO-Page-Builder-Plugin\plugin\src\Domain\Storage\Assignments\Assignment_Map_Service.php",60,17,error,"Use placeholders and $wpdb->prepare(); found $payload_val",WordPress.DB.PreparedSQL.NotPrepared,5,0
"C:\Users\Home\Desktop\Wordpress Plugins\AIO Page Builder\AIO-Page-Builder-Plugin\plugin\src\Domain\Storage\Assignments\Assignment_Map_Service.php",61,17,error,"Use placeholders and $wpdb->prepare(); found self",WordPress.DB.PreparedSQL.NotPrepared,5,0
"C:\Users\Home\Desktop\Wordpress Plugins\AIO Page Builder\AIO-Page-Builder-Plugin\plugin\src\Domain\Storage\Assignments\Assignment_Map_Service.php",61,23,error,"Use placeholders and $wpdb->prepare(); found SCHEMA_VERSION",WordPress.DB.PreparedSQL.NotPrepared,5,0
"C:\Users\Home\Desktop\Wordpress Plugins\AIO Page Builder\AIO-Page-Builder-Plugin\plugin\src\Domain\Storage\Assignments\Assignment_Map_Service.php",140,13,error,"Use placeholders and $wpdb->prepare(); found $this",WordPress.DB.PreparedSQL.NotPrepared,5,0
"C:\Users\Home\Desktop\Wordpress Plugins\AIO Page Builder\AIO-Page-Builder-Plugin\plugin\src\Domain\Storage\Assignments\Assignment_Map_Service.php",140,20,error,"Use placeholders and $wpdb->prepare(); found wpdb",WordPress.DB.PreparedSQL.NotPrepared,5,0
"C:\Users\Home\Desktop\Wordpress Plugins\AIO Page Builder\AIO-Page-Builder-Plugin\plugin\src\Domain\Storage\Assignments\Assignment_Map_Service.php",140,26,error,"Use placeholders and $wpdb->prepare(); found prepare",WordPress.DB.PreparedSQL.NotPrepared,5,0
"C:\Users\Home\Desktop\Wordpress Plugins\AIO Page Builder\AIO-Page-Builder-Plugin\plugin\src\Domain\Storage\Assignments\Assignment_Map_Service.php",140,35,error,"Use placeholders and $wpdb->prepare(); found interpolated variable {$this->table} at \"SELECT * FROM `{$this->table}` WHERE id = %d LIMIT 1\"",WordPress.DB.PreparedSQL.InterpolatedNotPrepared,5,0
"C:\Users\Home\Desktop\Wordpress Plugins\AIO Page Builder\AIO-Page-Builder-Plugin\plugin\src\Domain\Storage\Assignments\Assignment_Map_Service.php",140,91,error,"Use placeholders and $wpdb->prepare(); found $id",WordPress.DB.PreparedSQL.NotPrepared,5,0
"C:\Users\Home\Desktop\Wordpress Plugins\AIO Page Builder\AIO-Page-Builder-Plugin\plugin\src\Domain\Storage\Assignments\Assignment_Map_Service.php",162,13,error,"Use placeholders and $wpdb->prepare(); found $this",WordPress.DB.PreparedSQL.NotPrepared,5,0
"C:\Users\Home\Desktop\Wordpress Plugins\AIO Page Builder\AIO-Page-Builder-Plugin\plugin\src\Domain\Storage\Assignments\Assignment_Map_Service.php",162,20,error,"Use placeholders and $wpdb->prepare(); found wpdb",WordPress.DB.PreparedSQL.NotPrepared,5,0
"C:\Users\Home\Desktop\Wordpress Plugins\AIO Page Builder\AIO-Page-Builder-Plugin\plugin\src\Domain\Storage\Assignments\Assignment_Map_Service.php",162,26,error,"Use placeholders and $wpdb->prepare(); found prepare",WordPress.DB.PreparedSQL.NotPrepared,5,0
"C:\Users\Home\Desktop\Wordpress Plugins\AIO Page Builder\AIO-Page-Builder-Plugin\plugin\src\Domain\Storage\Assignments\Assignment_Map_Service.php",163,17,error,"Use placeholders and $wpdb->prepare(); found interpolated variable {$this->table} at \"SELECT * FROM `{$this->table}` WHERE map_type = %s ORDER BY id ASC LIMIT %d OFFSET %d\"",WordPress.DB.PreparedSQL.InterpolatedNotPrepared,5,0
"C:\Users\Home\Desktop\Wordpress Plugins\AIO Page Builder\AIO-Page-Builder-Plugin\plugin\src\Domain\Storage\Assignments\Assignment_Map_Service.php",164,17,error,"Use placeholders and $wpdb->prepare(); found $map_type",WordPress.DB.PreparedSQL.NotPrepared,5,0
"C:\Users\Home\Desktop\Wordpress Plugins\AIO Page Builder\AIO-Page-Builder-Plugin\plugin\src\Domain\Storage\Assignments\Assignment_Map_Service.php",165,17,error,"Use placeholders and $wpdb->prepare(); found $limit",WordPress.DB.PreparedSQL.NotPrepared,5,0
"C:\Users\Home\Desktop\Wordpress Plugins\AIO Page Builder\AIO-Page-Builder-Plugin\plugin\src\Domain\Storage\Assignments\Assignment_Map_Service.php",166,17,error,"Use placeholders and $wpdb->prepare(); found $offset",WordPress.DB.PreparedSQL.NotPrepared,5,0
"C:\Users\Home\Desktop\Wordpress Plugins\AIO Page Builder\AIO-Page-Builder-Plugin\plugin\src\Domain\Storage\Assignments\Assignment_Map_Service.php",189,13,error,"Use placeholders and $wpdb->prepare(); found $this",WordPress.DB.PreparedSQL.NotPrepared,5,0
"C:\Users\Home\Desktop\Wordpress Plugins\AIO Page Builder\AIO-Page-Builder-Plugin\plugin\src\Domain\Storage\Assignments\Assignment_Map_Service.php",189,20,error,"Use placeholders and $wpdb->prepare(); found wpdb",WordPress.DB.PreparedSQL.NotPrepared,5,0
"C:\Users\Home\Desktop\Wordpress Plugins\AIO Page Builder\AIO-Page-Builder-Plugin\plugin\src\Domain\Storage\Assignments\Assignment_Map_Service.php",189,26,error,"Use placeholders and $wpdb->prepare(); found prepare",WordPress.DB.PreparedSQL.NotPrepared,5,0
"C:\Users\Home\Desktop\Wordpress Plugins\AIO Page Builder\AIO-Page-Builder-Plugin\plugin\src\Domain\Storage\Assignments\Assignment_Map_Service.php",190,17,error,"Use placeholders and $wpdb->prepare(); found interpolated variable {$this->table} at \"SELECT * FROM `{$this->table}` WHERE map_type = %s AND source_ref = %s ORDER BY id ASC LIMIT %d\"",WordPress.DB.PreparedSQL.InterpolatedNotPrepared,5,0
"C:\Users\Home\Desktop\Wordpress Plugins\AIO Page Builder\AIO-Page-Builder-Plugin\plugin\src\Domain\Storage\Assignments\Assignment_Map_Service.php",191,17,error,"Use placeholders and $wpdb->prepare(); found $map_type",WordPress.DB.PreparedSQL.NotPrepared,5,0
"C:\Users\Home\Desktop\Wordpress Plugins\AIO Page Builder\AIO-Page-Builder-Plugin\plugin\src\Domain\Storage\Assignments\Assignment_Map_Service.php",192,17,error,"Use placeholders and $wpdb->prepare(); found $source_ref",WordPress.DB.PreparedSQL.NotPrepared,5,0
"C:\Users\Home\Desktop\Wordpress Plugins\AIO Page Builder\AIO-Page-Builder-Plugin\plugin\src\Domain\Storage\Assignments\Assignment_Map_Service.php",193,17,error,"Use placeholders and $wpdb->prepare(); found $limit",WordPress.DB.PreparedSQL.NotPrepared,5,0
"C:\Users\Home\Desktop\Wordpress Plugins\AIO Page Builder\AIO-Page-Builder-Plugin\plugin\src\Domain\Storage\Assignments\Assignment_Map_Service.php",217,13,error,"Use placeholders and $wpdb->prepare(); found $this",WordPress.DB.PreparedSQL.NotPrepared,5,0
"C:\Users\Home\Desktop\Wordpress Plugins\AIO Page Builder\AIO-Page-Builder-Plugin\plugin\src\Domain\Storage\Assignments\Assignment_Map_Service.php",217,20,error,"Use placeholders and $wpdb->prepare(); found wpdb",WordPress.DB.PreparedSQL.NotPrepared,5,0
"C:\Users\Home\Desktop\Wordpress Plugins\AIO Page Builder\AIO-Page-Builder-Plugin\plugin\src\Domain\Storage\Assignments\Assignment_Map_Service.php",217,26,error,"Use placeholders and $wpdb->prepare(); found prepare",WordPress.DB.PreparedSQL.NotPrepared,5,0
"C:\Users\Home\Desktop\Wordpress Plugins\AIO Page Builder\AIO-Page-Builder-Plugin\plugin\src\Domain\Storage\Assignments\Assignment_Map_Service.php",218,17,error,"Use placeholders and $wpdb->prepare(); found interpolated variable {$this->table} at \"SELECT target_ref FROM `{$this->table}` WHERE map_type = %s AND source_ref = %s ORDER BY id ASC LIMIT %d\"",WordPress.DB.PreparedSQL.InterpolatedNotPrepared,5,0
"C:\Users\Home\Desktop\Wordpress Plugins\AIO Page Builder\AIO-Page-Builder-Plugin\plugin\src\Domain\Storage\Assignments\Assignment_Map_Service.php",219,17,error,"Use placeholders and $wpdb->prepare(); found $map_type",WordPress.DB.PreparedSQL.NotPrepared,5,0
"C:\Users\Home\Desktop\Wordpress Plugins\AIO Page Builder\AIO-Page-Builder-Plugin\plugin\src\Domain\Storage\Assignments\Assignment_Map_Service.php",220,17,error,"Use placeholders and $wpdb->prepare(); found $source_ref",WordPress.DB.PreparedSQL.NotPrepared,5,0
"C:\Users\Home\Desktop\Wordpress Plugins\AIO Page Builder\AIO-Page-Builder-Plugin\plugin\src\Domain\Storage\Assignments\Assignment_Map_Service.php",221,17,error,"Use placeholders and $wpdb->prepare(); found $limit",WordPress.DB.PreparedSQL.NotPrepared,5,0
"C:\Users\Home\Desktop\Wordpress Plugins\AIO Page Builder\AIO-Page-Builder-Plugin\plugin\src\Domain\Storage\Assignments\Assignment_Map_Service.php",292,13,error,"Use placeholders and $wpdb->prepare(); found $this",WordPress.DB.PreparedSQL.NotPrepared,5,0
"C:\Users\Home\Desktop\Wordpress Plugins\AIO Page Builder\AIO-Page-Builder-Plugin\plugin\src\Domain\Storage\Assignments\Assignment_Map_Service.php",292,20,error,"Use placeholders and $wpdb->prepare(); found wpdb",WordPress.DB.PreparedSQL.NotPrepared,5,0
"C:\Users\Home\Desktop\Wordpress Plugins\AIO Page Builder\AIO-Page-Builder-Plugin\plugin\src\Domain\Storage\Assignments\Assignment_Map_Service.php",292,26,error,"Use placeholders and $wpdb->prepare(); found prepare",WordPress.DB.PreparedSQL.NotPrepared,5,0
"C:\Users\Home\Desktop\Wordpress Plugins\AIO Page Builder\AIO-Page-Builder-Plugin\plugin\src\Domain\Storage\Assignments\Assignment_Map_Service.php",293,17,error,"Use placeholders and $wpdb->prepare(); found interpolated variable {$this->table} at \"SELECT * FROM `{$this->table}` WHERE map_type = %s AND target_ref = %s ORDER BY id ASC LIMIT %d\"",WordPress.DB.PreparedSQL.InterpolatedNotPrepared,5,0
"C:\Users\Home\Desktop\Wordpress Plugins\AIO Page Builder\AIO-Page-Builder-Plugin\plugin\src\Domain\Storage\Assignments\Assignment_Map_Service.php",294,17,error,"Use placeholders and $wpdb->prepare(); found $map_type",WordPress.DB.PreparedSQL.NotPrepared,5,0
"C:\Users\Home\Desktop\Wordpress Plugins\AIO Page Builder\AIO-Page-Builder-Plugin\plugin\src\Domain\Storage\Assignments\Assignment_Map_Service.php",295,17,error,"Use placeholders and $wpdb->prepare(); found $target_ref",WordPress.DB.PreparedSQL.NotPrepared,5,0
"C:\Users\Home\Desktop\Wordpress Plugins\AIO Page Builder\AIO-Page-Builder-Plugin\plugin\src\Domain\Storage\Assignments\Assignment_Map_Service.php",296,17,error,"Use placeholders and $wpdb->prepare(); found $limit",WordPress.DB.PreparedSQL.NotPrepared,5,0
"C:\Users\Home\Desktop\Wordpress Plugins\AIO Page Builder\AIO-Page-Builder-Plugin\plugin\src\Domain\Storage\Profile\Profile_Normalizer.php",341,8,error,"Doc comment for parameter $allowed does not match actual variable name $value",Squiz.Commenting.FunctionComment.ParamNameNoMatch,5,0
"C:\Users\Home\Desktop\Wordpress Plugins\AIO Page Builder\AIO-Page-Builder-Plugin\plugin\src\Domain\Storage\Profile\Profile_Normalizer.php",343,13,error,"Expected type hint \"array\"; found \"string\" for $allowed",Squiz.Commenting.FunctionComment.IncorrectTypeHint,5,0
"C:\Users\Home\Desktop\Wordpress Plugins\AIO Page Builder\AIO-Page-Builder-Plugin\plugin\src\Domain\Storage\Repositories\Abstract_CPT_Repository.php",184,53,error,"Assignments must be the first block of code on a line",Squiz.PHP.DisallowMultipleAssignments.Found,5,0
"C:\Users\Home\Desktop\Wordpress Plugins\AIO Page Builder\AIO-Page-Builder-Plugin\plugin\src\Domain\Storage\Repositories\Abstract_CPT_Repository.php",185,53,error,"Assignments must be the first block of code on a line",Squiz.PHP.DisallowMultipleAssignments.Found,5,0
"C:\Users\Home\Desktop\Wordpress Plugins\AIO Page Builder\AIO-Page-Builder-Plugin\plugin\src\Domain\Storage\Repositories\Abstract_Table_Repository.php",56,43,error,"Use placeholders and $wpdb->prepare(); found interpolated variable {$table} at \"SELECT * FROM `{$table}` WHERE id = %d LIMIT 1\"",WordPress.DB.PreparedSQL.InterpolatedNotPrepared,5,0
"C:\Users\Home\Desktop\Wordpress Plugins\AIO Page Builder\AIO-Page-Builder-Plugin\plugin\src\Domain\Storage\Repositories\Abstract_Table_Repository.php",57,43,error,"Use placeholders and $wpdb->prepare(); found $prepared",WordPress.DB.PreparedSQL.NotPrepared,5,0
"C:\Users\Home\Desktop\Wordpress Plugins\AIO Page Builder\AIO-Page-Builder-Plugin\plugin\src\Domain\Storage\Repositories\Abstract_Table_Repository.php",72,43,error,"Use placeholders and $wpdb->prepare(); found interpolated variable {$table} at \"SELECT * FROM `{$table}` WHERE `{$col}` = %s LIMIT 1\"",WordPress.DB.PreparedSQL.InterpolatedNotPrepared,5,0
"C:\Users\Home\Desktop\Wordpress Plugins\AIO Page Builder\AIO-Page-Builder-Plugin\plugin\src\Domain\Storage\Repositories\Abstract_Table_Repository.php",72,43,error,"Use placeholders and $wpdb->prepare(); found interpolated variable {$col} at \"SELECT * FROM `{$table}` WHERE `{$col}` = %s LIMIT 1\"",WordPress.DB.PreparedSQL.InterpolatedNotPrepared,5,0
"C:\Users\Home\Desktop\Wordpress Plugins\AIO Page Builder\AIO-Page-Builder-Plugin\plugin\src\Domain\Storage\Repositories\Abstract_Table_Repository.php",73,43,error,"Use placeholders and $wpdb->prepare(); found $prepared",WordPress.DB.PreparedSQL.NotPrepared,5,0
"C:\Users\Home\Desktop\Wordpress Plugins\AIO Page Builder\AIO-Page-Builder-Plugin\plugin\src\Domain\Storage\Repositories\Job_Queue_Repository.php",150,43,error,"Use placeholders and $wpdb->prepare(); found $sql",WordPress.DB.PreparedSQL.NotPrepared,5,0
"C:\Users\Home\Desktop\Wordpress Plugins\AIO Page Builder\AIO-Page-Builder-Plugin\plugin\src\Domain\Storage\Repositories\Job_Queue_Repository.php",151,59,error,"Use placeholders and $wpdb->prepare(); found $prepared",WordPress.DB.PreparedSQL.NotPrepared,5,0
"C:\Users\Home\Desktop\Wordpress Plugins\AIO Page Builder\AIO-Page-Builder-Plugin\plugin\src\Domain\Storage\Repositories\Job_Queue_Repository.php",160,13,error,"Use placeholders and $wpdb->prepare(); found interpolated variable {$table} at \"SELECT * FROM `{$table}` WHERE queue_status = %s ORDER BY priority DESC, created_at ASC LIMIT %d OFFSET %d\"",WordPress.DB.PreparedSQL.InterpolatedNotPrepared,5,0
"C:\Users\Home\Desktop\Wordpress Plugins\AIO Page Builder\AIO-Page-Builder-Plugin\plugin\src\Domain\Storage\Repositories\Job_Queue_Repository.php",165,47,error,"Use placeholders and $wpdb->prepare(); found $prepared",WordPress.DB.PreparedSQL.NotPrepared,5,0
"C:\Users\Home\Desktop\Wordpress Plugins\AIO Page Builder\AIO-Page-Builder-Plugin\plugin\src\Domain\Storage\Repositories\Job_Queue_Repository.php",193,13,error,"Use placeholders and $wpdb->prepare(); found interpolated variable {$table} at \"SELECT * FROM `{$table}` WHERE actor_ref = %s ORDER BY created_at DESC LIMIT %d OFFSET %d\"",WordPress.DB.PreparedSQL.InterpolatedNotPrepared,5,0
"C:\Users\Home\Desktop\Wordpress Plugins\AIO Page Builder\AIO-Page-Builder-Plugin\plugin\src\Domain\Storage\Repositories\Job_Queue_Repository.php",198,47,error,"Use placeholders and $wpdb->prepare(); found $prepared",WordPress.DB.PreparedSQL.NotPrepared,5,0
"C:\Users\Home\Desktop\Wordpress Plugins\AIO Page Builder\AIO-Page-Builder-Plugin\plugin\src\Domain\Storage\Repositories\Job_Queue_Repository.php",228,13,error,"Use placeholders and $wpdb->prepare(); found interpolated variable {$table} at \"INSERT INTO `{$table}` ( job_ref, job_type, queue_status, priority, payload_ref, actor_ref, created_at, retry_count, related_object_refs ) VALUES ( %s, %s, %s, %d, %s, %s, %s, 0, %s )\"",WordPress.DB.PreparedSQL.InterpolatedNotPrepared,5,0
"C:\Users\Home\Desktop\Wordpress Plugins\AIO Page Builder\AIO-Page-Builder-Plugin\plugin\src\Domain\Storage\Repositories\Job_Queue_Repository.php",238,57,error,"Use placeholders and $wpdb->prepare(); found $prepared",WordPress.DB.PreparedSQL.NotPrepared,5,0
"C:\Users\Home\Desktop\Wordpress Plugins\AIO Page Builder\AIO-Page-Builder-Plugin\plugin\src\Domain\Storage\Repositories\Page_Template_Repository.php",42,86,error,"Using short ternaries is not allowed as they are rarely used correctly",Universal.Operators.DisallowShortTernary.Found,5,0
"C:\Users\Home\Desktop\Wordpress Plugins\AIO Page Builder\AIO-Page-Builder-Plugin\plugin\src\Domain\Storage\Repositories\Page_Template_Repository.php",214,85,error,"Using short ternaries is not allowed as they are rarely used correctly",Universal.Operators.DisallowShortTernary.Found,5,0
"C:\Users\Home\Desktop\Wordpress Plugins\AIO Page Builder\AIO-Page-Builder-Plugin\plugin\src\Domain\Storage\Repositories\Page_Template_Repository.php",215,79,error,"Using short ternaries is not allowed as they are rarely used correctly",Universal.Operators.DisallowShortTernary.Found,5,0
"C:\Users\Home\Desktop\Wordpress Plugins\AIO Page Builder\AIO-Page-Builder-Plugin\plugin\src\Domain\Storage\Repositories\Prompt_Pack_Repository.php",147,85,error,"Using short ternaries is not allowed as they are rarely used correctly",Universal.Operators.DisallowShortTernary.Found,5,0
"C:\Users\Home\Desktop\Wordpress Plugins\AIO Page Builder\AIO-Page-Builder-Plugin\plugin\src\Domain\Storage\Repositories\Prompt_Pack_Repository.php",148,79,error,"Using short ternaries is not allowed as they are rarely used correctly",Universal.Operators.DisallowShortTernary.Found,5,0
"C:\Users\Home\Desktop\Wordpress Plugins\AIO Page Builder\AIO-Page-Builder-Plugin\plugin\src\Domain\Storage\Repositories\Prompt_Pack_Repository.php",174,98,error,"Using short ternaries is not allowed as they are rarely used correctly",Universal.Operators.DisallowShortTernary.Found,5,0
"C:\Users\Home\Desktop\Wordpress Plugins\AIO Page Builder\AIO-Page-Builder-Plugin\plugin\src\Domain\Storage\Repositories\Version_Snapshot_Repository.php",49,99,error,"Using short ternaries is not allowed as they are rarely used correctly",Universal.Operators.DisallowShortTernary.Found,5,0
"C:\Users\Home\Desktop\Wordpress Plugins\AIO Page Builder\AIO-Page-Builder-Plugin\plugin\src\Domain\Storage\Repositories\Version_Snapshot_Repository.php",169,98,error,"Using short ternaries is not allowed as they are rarely used correctly",Universal.Operators.DisallowShortTernary.Found,5,0
"C:\Users\Home\Desktop\Wordpress Plugins\AIO Page Builder\AIO-Page-Builder-Plugin\plugin\src\Domain\Storage\Repositories\Version_Snapshot_Repository.php",170,96,error,"Using short ternaries is not allowed as they are rarely used correctly",Universal.Operators.DisallowShortTernary.Found,5,0
"C:\Users\Home\Desktop\Wordpress Plugins\AIO Page Builder\AIO-Page-Builder-Plugin\plugin\src\Domain\Storage\Repositories\Version_Snapshot_Repository.php",176,85,error,"Using short ternaries is not allowed as they are rarely used correctly",Universal.Operators.DisallowShortTernary.Found,5,0
"C:\Users\Home\Desktop\Wordpress Plugins\AIO Page Builder\AIO-Page-Builder-Plugin\plugin\src\Domain\Storage\Repositories\Version_Snapshot_Repository.php",177,79,error,"Using short ternaries is not allowed as they are rarely used correctly",Universal.Operators.DisallowShortTernary.Found,5,0
"C:\Users\Home\Desktop\Wordpress Plugins\AIO Page Builder\AIO-Page-Builder-Plugin\plugin\src\Domain\Styling\Styles_JSON_Sanitizer.php",57,8,error,"Parameter comment must end with a full stop",Squiz.Commenting.FunctionComment.ParamCommentFullStop,5,0
"C:\Users\Home\Desktop\Wordpress Plugins\AIO Page Builder\AIO-Page-Builder-Plugin\plugin\src\Domain\Styling\Styles_JSON_Sanitizer.php",98,8,error,"Parameter comment must end with a full stop",Squiz.Commenting.FunctionComment.ParamCommentFullStop,5,0
"C:\Users\Home\Desktop\Wordpress Plugins\AIO Page Builder\AIO-Page-Builder-Plugin\plugin\src\Infrastructure\Config\Capabilities.php",57,19,error,"Method name \"getAll\" in class Capabilities is not in snake case format, try \"get_all\"",WordPress.NamingConventions.ValidFunctionName.MethodNameInvalid,5,0
"C:\Users\Home\Desktop\Wordpress Plugins\AIO Page Builder\AIO-Page-Builder-Plugin\plugin\src\Support\Logging\Log_Categories.php",61,19,error,"Method name \"isValid\" in class Log_Categories is not in snake case format, try \"is_valid\"",WordPress.NamingConventions.ValidFunctionName.MethodNameInvalid,5,0
"C:\Users\Home\Desktop\Wordpress Plugins\AIO Page Builder\AIO-Page-Builder-Plugin\plugin\src\Support\Logging\Log_Severities.php",46,19,error,"Method name \"isValid\" in class Log_Severities is not in snake case format, try \"is_valid\"",WordPress.NamingConventions.ValidFunctionName.MethodNameInvalid,5,0
